asset_id,source_url,source_routes,source_category,source_subcategory,page_order,source_filename,source_dimensions,legacy_alt_or_description,duplicate_group,duplicate_relationship,current_repo_match,current_match_basis,proposed_local_filename,rights_status,technical_reuse_status,notes
TAT-IRE-001,https://images.squarespace-cdn.com/content/v1/65979327ceca8e3c423a32ea/2bb6a161-5e76-4343-b87b-eef28f007367/IMG_8375.jpeg,/irezumi,tattoo,irezumi,/irezumi:1,IMG_8375.jpeg,3024x4032,Japanese style tattoo crane bird and peony flowers with cherry blossom flowers wind bar background,,unique/no-known-duplicate,,,tat-ire-001-crane-bird-peony-flowers-cherry-blossom-flowers-wind.jpeg,confirmation-required,publicly-fetchable-copy-to-controlled-host,
TAT-IRE-002,https://images.squarespace-cdn.com/content/v1/65979327ceca8e3c423a32ea/34055c45-7d82-4ef4-af1e-5544b31eed2e/IMG_8380.jpeg,/irezumi,tattoo,irezumi,/irezumi:2,IMG_8380.jpeg,3024x4032,"Japanese style tattoo Samurai, dog, cherry blossoms, wind bar background, Irezumi",,unique/no-known-duplicate,,,tat-ire-002-samurai-dog-cherry-blossoms-wind-bar-background.jpeg,confirmation-required,publicly-fetchable-copy-to-controlled-host,
TAT-IRE-003,https://images.squarespace-cdn.com/content/v1/65979327ceca8e3c423a32ea/7f17b854-9d8f-46cf-99b8-b6288ac7d7cb/IMG_6702.jpeg,/irezumi|/,tattoo,irezumi,/irezumi:3|/:4,IMG_6702.jpeg,4284x5712,"Japanese style tattoo, peony, flower, cherry blossom, flowers, wind bar background",IRE-FLORAL-OMAMORI-SLEEVE,canonical; confidence=high; visual-only,portfolio/irezumi-peony-sleeve.jpg,prior-byte-match-receipt,tat-ire-003-peony-flower-cherry-blossom-flowers-wind-bar-background.jpeg,confirmation-required,publicly-fetchable-copy-to-controlled-host,"Current-repo file present locally; this-session byte compare to ?format=1500w was not run because media download is forbidden. Local portfolio/irezumi-peony-sleeve.jpg is 347094 bytes, 1500x2000, sha256=e407c713b1b54572310adfa15746c75582987c2c0e9f8fcb74a49c4bffad7550. Unique peony/wind-bar legacy alt. Local file is 1500x2000 from a 4284x5712 source, the expected format=1500w geometry. Also present on legacy homepage `/`. Work group IRE-FLORAL-OMAMORI-SLEEVE: Same full-color floral/omamori sleeve, alternate views. I03 and I07 are separately present as current-repo files."
TAT-IRE-004,https://images.squarespace-cdn.com/content/v1/65979327ceca8e3c423a32ea/ac29f26f-8322-4d56-8bba-0f1c336b2a2c/IMG_6693.jpeg,/irezumi|/,tattoo,irezumi,/irezumi:4|/:3,IMG_6693.jpeg,4284x5712,"Japanese style tattoo, peony, flowers, lotus flowers, cherry blossom, flowers, wind bar background irezumi Tattoo",IRE-FLORAL-OMAMORI-SLEEVE,alternate-view; confidence=high; visual-only,,,tat-ire-004-peony-flowers-lotus-flowers-cherry-blossom-flowers-wind.jpeg,confirmation-required,publicly-fetchable-copy-to-controlled-host,"Also present on legacy homepage `/`. Work group IRE-FLORAL-OMAMORI-SLEEVE: Same full-color floral/omamori sleeve, alternate views. I03 and I07 are separately present as current-repo files."
TAT-IRE-005,https://images.squarespace-cdn.com/content/v1/65979327ceca8e3c423a32ea/44eaec42-3b5a-4afe-bdaf-e4cb0962e4d3/IMG_6699.jpeg,/irezumi|/,tattoo,irezumi,/irezumi:5|/:5,IMG_6699.jpeg,4284x5712,"Japanese style tattoo, peony, flowers, lotus flowers, cherry blossom, flowers, wind bar background irezumi Tattoo",IRE-FLORAL-OMAMORI-SLEEVE,alternate-view; confidence=high; visual-only,,,tat-ire-005-peony-flowers-lotus-flowers-cherry-blossom-flowers-wind.jpeg,confirmation-required,publicly-fetchable-copy-to-controlled-host,"Also present on legacy homepage `/`. Work group IRE-FLORAL-OMAMORI-SLEEVE: Same full-color floral/omamori sleeve, alternate views. I03 and I07 are separately present as current-repo files."
TAT-IRE-006,https://images.squarespace-cdn.com/content/v1/65979327ceca8e3c423a32ea/e8f1bacc-778f-41df-9bd2-d838031e542a/IMG_6695.jpeg,/irezumi,tattoo,irezumi,/irezumi:6,IMG_6695.jpeg,4284x5712,"Japanese style tattoo, peony, flowers, lotus flowers, cherry blossom, flowers, wind bar background irezumi Tattoo",IRE-FLORAL-OMAMORI-SLEEVE,alternate-view; confidence=high; visual-only,,,tat-ire-006-peony-flowers-lotus-flowers-cherry-blossom-flowers-wind.jpeg,confirmation-required,publicly-fetchable-copy-to-controlled-host,"Work group IRE-FLORAL-OMAMORI-SLEEVE: Same full-color floral/omamori sleeve, alternate views. I03 and I07 are separately present as current-repo files."
TAT-IRE-007,https://images.squarespace-cdn.com/content/v1/65979327ceca8e3c423a32ea/3c0bb6cb-1b0e-49a9-8ab4-41b2284ebec3/IMG_6697.jpeg,/irezumi|/,tattoo,irezumi,/irezumi:7|/:6,IMG_6697.jpeg,4284x5712,"Japanese style tattoo, Oma Mori cherry blossom tattoo with irezumi style wine bar background",IRE-FLORAL-OMAMORI-SLEEVE,alternate-view; confidence=high; visual-only,portfolio/irezumi-omamori-sleeve.jpg,prior-byte-match-receipt,tat-ire-007-omamori-cherry-blossom-wind-bar-background.jpeg,confirmation-required,publicly-fetchable-copy-to-controlled-host,"Current-repo file present locally; this-session byte compare to ?format=1500w was not run because media download is forbidden. Local portfolio/irezumi-omamori-sleeve.jpg is 447546 bytes, 1500x2000, sha256=22c79f7625752b6b7845de8c431b5388e4de4f500abf30d96ee8eb306d4c9bfa. Unique Oma Mori/omamori legacy alt. Local file is 1500x2000 from a 4284x5712 source. Also present on legacy homepage `/`. Known future label correction: Oma Mori -> omamori. Known future label correction: wine/win bar -> wind-bar. Work group IRE-FLORAL-OMAMORI-SLEEVE: Same full-color floral/omamori sleeve, alternate views. I03 and I07 are separately present as current-repo files."
TAT-IRE-008,https://images.squarespace-cdn.com/content/v1/65979327ceca8e3c423a32ea/f9f9483b-b9f6-46b9-a251-88b746495eed/IMG_8815.jpeg,/irezumi,tattoo,irezumi,/irezumi:8,IMG_8815.jpeg,4284x5712,Japanese style irezumi tattoo chef Frog ukiyoe yokia,,unique/no-known-duplicate,,,tat-ire-008-chef-frog-ukiyoe-yokia.jpeg,confirmation-required,publicly-fetchable-copy-to-controlled-host,
TAT-IRE-009,https://images.squarespace-cdn.com/content/v1/65979327ceca8e3c423a32ea/14783567-71d5-4942-a9cf-c09d47315cfa/Untitled_Artwork.png,/irezumi,tattoo,irezumi,/irezumi:9,Untitled_Artwork.png,2550x3300,Japanese style octopus tattoo with human skull cap irezumi ukiyoe yokai,,unique/no-known-duplicate,,,tat-ire-009-octopus-human-skull-cap-ukiyoe-yokai.png,confirmation-required,publicly-fetchable-copy-to-controlled-host,
TAT-IRE-010,https://images.squarespace-cdn.com/content/v1/65979327ceca8e3c423a32ea/bfae1e44-7e4a-42d9-86fc-07299100f02d/624CACD3-2CB2-4BC1-B5D7-A7BD083471BA.jpeg,/irezumi,tattoo,irezumi,/irezumi:10,624CACD3-2CB2-4BC1-B5D7-A7BD083471BA.jpeg,3467x3467,"Japanese style tattoo, black, and gray hannya mask tattoo ukiyoe irezumi tattoo",,unique/no-known-duplicate,,,tat-ire-010-hannya-mask-ukiyoe.jpeg,confirmation-required,publicly-fetchable-copy-to-controlled-host,
TAT-IRE-011,https://images.squarespace-cdn.com/content/v1/65979327ceca8e3c423a32ea/d7c41ddd-ae8a-4bcc-ae3e-3521642f499d/IMG_8471.jpeg,/irezumi,tattoo,irezumi,/irezumi:11,IMG_8471.jpeg,4284x5712,"Japanese style Tattoo Geisha namakubi severed head, dark art, black Work, black and gray irezumi tattoo",IRE-LIKELY-11-12,canonical; confidence=low; visual-only,,,tat-ire-011-geisha-namakubi-severed-head-dark-art-work.jpeg,confirmation-required,publicly-fetchable-copy-to-controlled-host,Work group IRE-LIKELY-11-12: Uncertain. Marked likely-same-work only. I12 alt adds a Hannya mention; that is not treated as proof.
TAT-IRE-012,https://images.squarespace-cdn.com/content/v1/65979327ceca8e3c423a32ea/1d1ef5de-341c-4215-b1cb-c9fb085db21a/IMG_8480.jpeg,/irezumi,tattoo,irezumi,/irezumi:12,IMG_8480.jpeg,4284x5712,"Japanese style Tattoo Geisha namakubi severed head, dark art, black Work, black and gray irezumi tattoo Hannya mask irezumi tattoo",IRE-LIKELY-11-12,likely-same-work; confidence=low; visual-only,,,tat-ire-012-geisha-namakubi-severed-head-dark-art-work-hannya.jpeg,confirmation-required,publicly-fetchable-copy-to-controlled-host,Work group IRE-LIKELY-11-12: Uncertain. Marked likely-same-work only. I12 alt adds a Hannya mention; that is not treated as proof.
TAT-IRE-013,https://images.squarespace-cdn.com/content/v1/65979327ceca8e3c423a32ea/dd6bb3ce-5c1b-43e5-9375-614ee972b330/IMG_8862.jpeg,/irezumi,tattoo,irezumi,/irezumi:13,IMG_8862.jpeg,4284x5712,Japanese style Tattoo Las Vegas crane Bird with cherry blossom flowers,,unique/no-known-duplicate,,,tat-ire-013-crane-bird-cherry-blossom-flowers.jpeg,confirmation-required,publicly-fetchable-copy-to-controlled-host,
TAT-IRE-014,https://images.squarespace-cdn.com/content/v1/65979327ceca8e3c423a32ea/74b567c6-daed-446c-80e0-f40627d38dda/IMG_8541.jpeg,/irezumi,tattoo,irezumi,/irezumi:14,IMG_8541.jpeg,4284x5712,"Las Vegas Japanese style tattoo, Dragon Cover Up, full color, tattoo, black background",,unique/no-known-duplicate,,,tat-ire-014-dragon-cover-up-background.jpeg,confirmation-required,publicly-fetchable-copy-to-controlled-host,
TAT-IRE-015,https://images.squarespace-cdn.com/content/v1/65979327ceca8e3c423a32ea/b607a086-c1f2-49ba-8eb5-3b9bad65eab7/6113429C-C0FA-4E08-8B24-7CC8B1352DA2.jpeg,/irezumi,tattoo,irezumi,/irezumi:15,6113429C-C0FA-4E08-8B24-7CC8B1352DA2.jpeg,1440x1920,"Fu dog, Tattoo kneecap full color irezumi Japanese style Tattoo, Las Vegas, Vegas",,unique/no-known-duplicate,,,tat-ire-015-fu-dog-kneecap.jpeg,confirmation-required,publicly-fetchable-copy-to-controlled-host,
TAT-IRE-016,https://images.squarespace-cdn.com/content/v1/65979327ceca8e3c423a32ea/0919f784-5c33-4440-bc0f-b70e99c01e9d/B426BBF7-2E81-49B8-9551-8D0FDDB9067D.jpeg,/irezumi,tattoo,irezumi,/irezumi:16,B426BBF7-2E81-49B8-9551-8D0FDDB9067D.jpeg,1440x1440,"Las Vegas Japanese style tattoo, peony flower full color irezumi Tattoo",,unique/no-known-duplicate,,,tat-ire-016-peony-flower.jpeg,confirmation-required,publicly-fetchable-copy-to-controlled-host,
TAT-IRE-017,https://images.squarespace-cdn.com/content/v1/65979327ceca8e3c423a32ea/c0756d98-a38e-4e7f-b165-5f98c6951777/IMG_5492.jpeg,/irezumi,tattoo,irezumi,/irezumi:17,IMG_5492.jpeg,4284x5712,"Las Vegas Japanese style dragon, chest tattoo, Japanese style clouds irezumi Tattoo",,unique/no-known-duplicate,,,tat-ire-017-dragon-chest-clouds.jpeg,confirmation-required,publicly-fetchable-copy-to-controlled-host,
TAT-IRE-018,https://images.squarespace-cdn.com/content/v1/65979327ceca8e3c423a32ea/1c673cb9-1ed3-4d74-8966-070fe4180d38/IMG_7109.jpeg,/irezumi,tattoo,irezumi,/irezumi:18,IMG_7109.jpeg,4284x5712,Las Vegas Japanese style tattoo chrysanthemum flower hannya Japanese mask irezumi Tattoo,,unique/no-known-duplicate,,,tat-ire-018-chrysanthemum-flower-hannya-mask.jpeg,confirmation-required,publicly-fetchable-copy-to-controlled-host,
TAT-IRE-019,https://images.squarespace-cdn.com/content/v1/65979327ceca8e3c423a32ea/92134af5-e46b-4d43-afcb-2c0945f922a1/IMG_6798.jpeg,/irezumi,tattoo,irezumi,/irezumi:19,IMG_6798.jpeg,4284x5712,"Las Vegas Japanese style tattoo, black and gray dragon coiled around a sword irezumi Tattoo",,unique/no-known-duplicate,,,tat-ire-019-dragon-coiled-around-a-sword.jpeg,confirmation-required,publicly-fetchable-copy-to-controlled-host,
TAT-IRE-020,https://images.squarespace-cdn.com/content/v1/65979327ceca8e3c423a32ea/eb84b135-6311-4e81-80cf-7b88fd0454c9/8A7B5BFF-A509-4C2A-AE5F-6C0150688D27.jpeg,/irezumi,tattoo,irezumi,/irezumi:20,8A7B5BFF-A509-4C2A-AE5F-6C0150688D27.jpeg,3886x4096,"Las Vegas, Vegas, Japanese style Tattoo, black and gray tiger irezumi Tattoo",,unique/no-known-duplicate,,,tat-ire-020-tiger.jpeg,confirmation-required,publicly-fetchable-copy-to-controlled-host,
TAT-IRE-021,https://images.squarespace-cdn.com/content/v1/65979327ceca8e3c423a32ea/22e7cad9-a0a9-48f8-a224-8e8a14cccd31/FA307421-88D8-4DBD-83EF-906F232920ED.jpeg,/irezumi,tattoo,irezumi,/irezumi:21,FA307421-88D8-4DBD-83EF-906F232920ED.jpeg,3577x3577,Las Vegas Japanese style Tattoo full color Frog irezumi Tattoo,IRE-FROG,canonical; confidence=high; visual-only,,,tat-ire-021-frog.jpeg,confirmation-required,publicly-fetchable-copy-to-controlled-host,"Work group IRE-FROG: Same frog tattoo, alternate views."
TAT-IRE-022,https://images.squarespace-cdn.com/content/v1/65979327ceca8e3c423a32ea/ce8995ef-65ee-4701-ab4e-63ba215360b1/IMG_6775.jpeg,/irezumi,tattoo,irezumi,/irezumi:22,IMG_6775.jpeg,4284x5712,Las Vegas Japanese style Tattoo full color Frog irezumi Tattoo,IRE-FROG,alternate-view; confidence=high; visual-only,,,tat-ire-022-frog.jpeg,confirmation-required,publicly-fetchable-copy-to-controlled-host,"Work group IRE-FROG: Same frog tattoo, alternate views."
TAT-IRE-023,https://images.squarespace-cdn.com/content/v1/65979327ceca8e3c423a32ea/447f68b2-ef2f-4e07-b4e8-94ec2c8e51e3/IMG_5273.jpeg,/irezumi,tattoo,irezumi,/irezumi:23,IMG_5273.jpeg,4284x5712,"Las Vegas Japanese style Tattoo Koi fish peony flower Japanese style finger, Wave water irezumi tattoo",,unique/no-known-duplicate,,,tat-ire-023-koi-fish-peony-flower-finger-waves-water.jpeg,confirmation-required,publicly-fetchable-copy-to-controlled-host,Known future label correction: normalize finger waves.
TAT-IRE-024,https://images.squarespace-cdn.com/content/v1/65979327ceca8e3c423a32ea/feff8354-47a8-4607-90fc-e6cf83970650/IMG_5551.jpeg,/irezumi,tattoo,irezumi,/irezumi:24,IMG_5551.jpeg,4284x5712,"Las Vegas Japanese style octopus irezumi ukiyoe yokai cherry blossoms, black and gray Tattoo",,unique/no-known-duplicate,,,tat-ire-024-octopus-ukiyoe-yokai-cherry-blossoms.jpeg,confirmation-required,publicly-fetchable-copy-to-controlled-host,
TAT-IRE-025,https://images.squarespace-cdn.com/content/v1/65979327ceca8e3c423a32ea/492c3de1-85b9-4d40-9e25-4ebcbbe92976/IMG_5463.jpeg,/irezumi,tattoo,irezumi,/irezumi:25,IMG_5463.jpeg,4284x5712,"Las Vegas Japanese style tattoo hannya mask, tattoo, black, and gray on the throat",,unique/no-known-duplicate,,,tat-ire-025-hannya-mask-on-throat.jpeg,confirmation-required,publicly-fetchable-copy-to-controlled-host,
TAT-IRE-026,https://images.squarespace-cdn.com/content/v1/65979327ceca8e3c423a32ea/cde64b36-e0ff-4312-b060-3d098f857a42/IMG_5003.jpeg,/irezumi,tattoo,irezumi,/irezumi:26,IMG_5003.jpeg,4284x5712,"Las Vegas Japanese style tattoo, snake and peony flower full color irezumi Tattoo",,unique/no-known-duplicate,,,tat-ire-026-snake-peony-flower.jpeg,confirmation-required,publicly-fetchable-copy-to-controlled-host,
TAT-IRE-027,https://images.squarespace-cdn.com/content/v1/65979327ceca8e3c423a32ea/4e7fc477-756a-4944-9752-422046f5e14b/IMG_5083.jpeg,/irezumi,tattoo,irezumi,/irezumi:27,IMG_5083.jpeg,4284x5712,"Las Vegas Japanese style Koi fish, full color, cherry blossom, Flower irezumi Tattoo",,unique/no-known-duplicate,,,tat-ire-027-koi-fish-cherry-blossom-flower.jpeg,confirmation-required,publicly-fetchable-copy-to-controlled-host,
TAT-IRE-028,https://images.squarespace-cdn.com/content/v1/65979327ceca8e3c423a32ea/b3a3c7c8-1648-4d21-83ba-78ee81484c11/IMG_8313.jpeg,/irezumi|/,tattoo,irezumi,/irezumi:28|/:10,IMG_8313.jpeg,4284x5712,"Las Vegas Japanese style tattoo, full color dragon with Darma, cherry blossom and chrysanthemum Tattoo full sleeve irezumi tattoo",IRE-DRAGON-DARUMA-SLEEVE,canonical; confidence=high; visual-only,,,tat-ire-028-dragon-darma-cherry-blossom-chrysanthemum-sleeve.jpeg,confirmation-required,publicly-fetchable-copy-to-controlled-host,"Also present on legacy homepage `/`. Work group IRE-DRAGON-DARUMA-SLEEVE: Same dragon/Daruma sleeve, alternate views. Legacy alt spells Daruma as Darma."
TAT-IRE-029,https://images.squarespace-cdn.com/content/v1/65979327ceca8e3c423a32ea/58eac91e-c9e0-487d-810d-41de7defec48/IMG_8319.jpeg,/irezumi|/,tattoo,irezumi,/irezumi:29|/:12,IMG_8319.jpeg,4284x5712,"Las Vegas Japanese style tattoo, full color dragon with Darma, cherry blossom and chrysanthemum Tattoo full sleeve irezumi tattoo",IRE-DRAGON-DARUMA-SLEEVE,alternate-view; confidence=high; visual-only,,,tat-ire-029-dragon-darma-cherry-blossom-chrysanthemum-sleeve.jpeg,confirmation-required,publicly-fetchable-copy-to-controlled-host,"Also present on legacy homepage `/`. Work group IRE-DRAGON-DARUMA-SLEEVE: Same dragon/Daruma sleeve, alternate views. Legacy alt spells Daruma as Darma."
TAT-IRE-030,https://images.squarespace-cdn.com/content/v1/65979327ceca8e3c423a32ea/ac2544c1-9eac-420d-abf0-3af9cd016e3c/IMG_8329.jpeg,/irezumi|/,tattoo,irezumi,/irezumi:30|/:11,IMG_8329.jpeg,4284x5712,"Las Vegas Japanese style tattoo, full color dragon with Darma, cherry blossom and chrysanthemum Tattoo full sleeve irezumi tattoo",IRE-DRAGON-DARUMA-SLEEVE,alternate-view; confidence=high; visual-only,,,tat-ire-030-dragon-darma-cherry-blossom-chrysanthemum-sleeve.jpeg,confirmation-required,publicly-fetchable-copy-to-controlled-host,"Also present on legacy homepage `/`. Work group IRE-DRAGON-DARUMA-SLEEVE: Same dragon/Daruma sleeve, alternate views. Legacy alt spells Daruma as Darma."
TAT-IRE-031,https://images.squarespace-cdn.com/content/v1/65979327ceca8e3c423a32ea/eb1c640a-8143-4662-8096-5c89b3d975e1/IMG_4887.jpeg,/irezumi,tattoo,irezumi,/irezumi:31,IMG_4887.jpeg,4284x5712,"Las Vegas Japanese style tattoo, full color, frog tattoo",,unique/no-known-duplicate,,,tat-ire-031-frog.jpeg,confirmation-required,publicly-fetchable-copy-to-controlled-host,
TAT-IRE-032,https://images.squarespace-cdn.com/content/v1/65979327ceca8e3c423a32ea/222040e5-daea-412b-ab9f-7afdfe98692f/IMG_7811.jpeg,/irezumi|/,tattoo,irezumi,/irezumi:32|/:23,IMG_7811.jpeg,4284x5712,"Las Vegas Japanese style tattoo, Samurai helmet, cherry blossom, Flower, black crow Japanese style win bar background irezumi Tattoo",IRE-SAMURAI-CROW-SLEEVE,canonical; confidence=high; visual-only,,,tat-ire-032-samurai-helmet-cherry-blossom-flower-crow-wind-bar.jpeg,confirmation-required,publicly-fetchable-copy-to-controlled-host,"Also present on legacy homepage `/`. Known future label correction: wine/win bar -> wind-bar. Work group IRE-SAMURAI-CROW-SLEEVE: Same samurai/crow sleeve, alternate views."
TAT-IRE-033,https://images.squarespace-cdn.com/content/v1/65979327ceca8e3c423a32ea/979da2a1-f109-4cce-947f-2b21fa73ba84/IMG_7801.jpeg,/irezumi|/,tattoo,irezumi,/irezumi:33|/:24,IMG_7801.jpeg,4284x5712,"Las Vegas Japanese style tattoo, Samurai helmet, cherry blossom, Flower, black crow Japanese style win bar background irezumi Tattoo",IRE-SAMURAI-CROW-SLEEVE,alternate-view; confidence=high; visual-only,,,tat-ire-033-samurai-helmet-cherry-blossom-flower-crow-wind-bar.jpeg,confirmation-required,publicly-fetchable-copy-to-controlled-host,"Also present on legacy homepage `/`. Known future label correction: wine/win bar -> wind-bar. Work group IRE-SAMURAI-CROW-SLEEVE: Same samurai/crow sleeve, alternate views."
TAT-IRE-034,https://images.squarespace-cdn.com/content/v1/65979327ceca8e3c423a32ea/c8336a40-ccbc-4380-bf85-dcaa27c22259/IMG_3926.jpeg,/irezumi|/,tattoo,irezumi,/irezumi:34|/:7,IMG_3926.jpeg,4284x5712,"Las Vegas Japanese style tattoo, full sleeve, black and gray with red snake versus cat with Hannya mask tattoo irezumi Tattoo",IRE-SNAKE-CAT-SLEEVE,canonical; confidence=high; visual-only,portfolio/irezumi-snake-cat-sleeve.jpg,prior-byte-match-receipt,tat-ire-034-sleeve-red-snake-versus-cat-hannya-mask.jpeg,confirmation-required,publicly-fetchable-copy-to-controlled-host,"Current-repo file present locally; this-session byte compare to ?format=1500w was not run because media download is forbidden. Local portfolio/irezumi-snake-cat-sleeve.jpg is 344293 bytes, 1500x2000, sha256=9e859287a7adf6cf0f6113f73bf417ee4c0991110f9d7280dce6aa616dda1597. Snake/cat alt is shared with I35; assigned to the first page-order member of the closer group. Sibling I35 was not hash-distinguished this session. Also present on legacy homepage `/`. Work group IRE-SNAKE-CAT-SLEEVE: Same snake/cat sleeve, alternate views. Both URLs also appear on the legacy homepage."
TAT-IRE-035,https://images.squarespace-cdn.com/content/v1/65979327ceca8e3c423a32ea/b6ce9303-8d89-4dce-bfa6-27c69945b59a/IMG_9696.jpeg,/irezumi|/,tattoo,irezumi,/irezumi:35|/:19,IMG_9696.jpeg,4284x5712,"Las Vegas Japanese style tattoo, full sleeve, black and gray with red snake versus cat with Hannya mask tattoo irezumi Tattoo",IRE-SNAKE-CAT-SLEEVE,alternate-view; confidence=high; visual-only,,,tat-ire-035-sleeve-red-snake-versus-cat-hannya-mask.jpeg,confirmation-required,publicly-fetchable-copy-to-controlled-host,"Also present on legacy homepage `/`. Work group IRE-SNAKE-CAT-SLEEVE: Same snake/cat sleeve, alternate views. Both URLs also appear on the legacy homepage."
TAT-IRE-036,https://images.squarespace-cdn.com/content/v1/65979327ceca8e3c423a32ea/11bdd65d-75cb-4539-807c-a7392cf1c819/IMG_4121.jpeg,/irezumi,tattoo,irezumi,/irezumi:36,IMG_4121.jpeg,4284x5712,"Las Vegas Japanese style tattoo, full sleeve, peony, flower, moth, cherry blossom, Flower Japanese fox Kitsune Japanese mask tattoo",IRE-KITSUNE-MOTH-PEONY-SLEEVE,canonical; confidence=high; visual-only,,,tat-ire-036-sleeve-peony-flower-moth-cherry-blossom-flower-fox.jpeg,confirmation-required,publicly-fetchable-copy-to-controlled-host,"Work group IRE-KITSUNE-MOTH-PEONY-SLEEVE: Same kitsune/moth/peony sleeve, alternate views."
TAT-IRE-037,https://images.squarespace-cdn.com/content/v1/65979327ceca8e3c423a32ea/b9f094fe-96ff-45a2-8715-721724ac618e/IMG_4125.jpeg,/irezumi,tattoo,irezumi,/irezumi:37,IMG_4125.jpeg,4284x5712,"Las Vegas Japanese style tattoo, full sleeve, peony, flower, moth, cherry blossom, Flower Japanese fox Kitsune Japanese mask tattoo",IRE-KITSUNE-MOTH-PEONY-SLEEVE,alternate-view; confidence=high; visual-only,,,tat-ire-037-sleeve-peony-flower-moth-cherry-blossom-flower-fox.jpeg,confirmation-required,publicly-fetchable-copy-to-controlled-host,"Work group IRE-KITSUNE-MOTH-PEONY-SLEEVE: Same kitsune/moth/peony sleeve, alternate views."
TAT-IRE-038,https://images.squarespace-cdn.com/content/v1/65979327ceca8e3c423a32ea/9797798e-f5f4-4f30-b08c-d7c44b4d4a9f/IMG_4127.jpeg,/irezumi,tattoo,irezumi,/irezumi:38,IMG_4127.jpeg,4284x5712,"Las Vegas Japanese style tattoo, full sleeve, peony, flower, moth, cherry blossom, Flower Japanese fox Kitsune Japanese mask tattoo",IRE-KITSUNE-MOTH-PEONY-SLEEVE,alternate-view; confidence=high; visual-only,,,tat-ire-038-sleeve-peony-flower-moth-cherry-blossom-flower-fox.jpeg,confirmation-required,publicly-fetchable-copy-to-controlled-host,"Work group IRE-KITSUNE-MOTH-PEONY-SLEEVE: Same kitsune/moth/peony sleeve, alternate views."
TAT-IRE-039,https://images.squarespace-cdn.com/content/v1/65979327ceca8e3c423a32ea/dd7d7c32-6593-4a6f-aff5-da042d34fd9e/IMG_4131.jpeg,/irezumi,tattoo,irezumi,/irezumi:39,IMG_4131.jpeg,4284x5712,"Las Vegas Japanese style tattoo, full sleeve, peony, flower, moth, cherry blossom, Flower Japanese fox Kitsune Japanese mask tattoo",IRE-KITSUNE-MOTH-PEONY-SLEEVE,alternate-view; confidence=high; visual-only,,,tat-ire-039-sleeve-peony-flower-moth-cherry-blossom-flower-fox.jpeg,confirmation-required,publicly-fetchable-copy-to-controlled-host,"Work group IRE-KITSUNE-MOTH-PEONY-SLEEVE: Same kitsune/moth/peony sleeve, alternate views."
TAT-IRE-040,https://images.squarespace-cdn.com/content/v1/65979327ceca8e3c423a32ea/d4c47b00-372c-4939-b18a-fbb6b9d04b33/IMG_3411.jpeg,/irezumi,tattoo,irezumi,/irezumi:40,IMG_3411.jpeg,4284x5712,"Las Vegas Japanese style, black and gray chrysanthemum flower irezumi Tattoo",,unique/no-known-duplicate,,,tat-ire-040-chrysanthemum-flower.jpeg,confirmation-required,publicly-fetchable-copy-to-controlled-host,
TAT-IRE-041,https://images.squarespace-cdn.com/content/v1/65979327ceca8e3c423a32ea/0c801852-27ed-421b-bda9-6f76ee084bd4/IMG_8371.jpeg,/irezumi|/,tattoo,irezumi,/irezumi:41|/:22,IMG_8371.jpeg,4284x5712,"Las Vegas Japanese style tattoo, peony, flower, black and gray irezumi Tattoo",,unique/no-known-duplicate,,,tat-ire-041-peony-flower.jpeg,confirmation-required,publicly-fetchable-copy-to-controlled-host,Also present on legacy homepage `/`.
TAT-IRE-042,https://images.squarespace-cdn.com/content/v1/65979327ceca8e3c423a32ea/c9bd35c2-ac55-4a51-aba4-171311c50fca/IMG_3804.jpeg,/irezumi,tattoo,irezumi,/irezumi:42,IMG_3804.jpeg,4284x5712,"Las Vegas Japanese style tattoo, full sleeve, snake peony flower, chrysanthemum flower Japanese style wine bar background black, and gray with red irezumi Tattoo",IRE-SNAKE-PEONY-SLEEVE,canonical; confidence=high; visual-only,portfolio/irezumi-snake-peony-sleeve.jpg,prior-byte-match-receipt,tat-ire-042-sleeve-snake-peony-flower-chrysanthemum-flower-wind-bar.jpeg,confirmation-required,publicly-fetchable-copy-to-controlled-host,"Current-repo file present locally; this-session byte compare to ?format=1500w was not run because media download is forbidden. Local portfolio/irezumi-snake-peony-sleeve.jpg is 298697 bytes, 1500x2000, sha256=06b804d0cefc3b89ded32e963cc4f834de1f8312b3925b946f97e25a6851bd3f. Snake/peony alt is shared with I43; assigned to the first page-order member. I43 also appears on the legacy homepage. Known future label correction: wine/win bar -> wind-bar. Work group IRE-SNAKE-PEONY-SLEEVE: Same snake/peony sleeve, alternate views. I43 also appears on the legacy homepage; I42 does not."
TAT-IRE-043,https://images.squarespace-cdn.com/content/v1/65979327ceca8e3c423a32ea/173d38d2-7dd3-4225-8b9f-1c123c56a100/IMG_3794.jpeg,/irezumi|/,tattoo,irezumi,/irezumi:43|/:8,IMG_3794.jpeg,4284x5712,"Las Vegas Japanese style tattoo, full sleeve, snake peony flower, chrysanthemum flower Japanese style wine bar background black, and gray with red irezumi Tattoo",IRE-SNAKE-PEONY-SLEEVE,alternate-view; confidence=high; visual-only,,,tat-ire-043-sleeve-snake-peony-flower-chrysanthemum-flower-wind-bar.jpeg,confirmation-required,publicly-fetchable-copy-to-controlled-host,"Also present on legacy homepage `/`. Known future label correction: wine/win bar -> wind-bar. Work group IRE-SNAKE-PEONY-SLEEVE: Same snake/peony sleeve, alternate views. I43 also appears on the legacy homepage; I42 does not."
TAT-IRE-044,https://images.squarespace-cdn.com/content/v1/65979327ceca8e3c423a32ea/ebe979f2-053d-4f62-9044-35a2ceebedb0/IMG_7167.jpeg,/irezumi|/,tattoo,irezumi,/irezumi:44|/:13,IMG_7167.jpeg,4284x5712,"Las Vegas Japanese style Tattoo Geisha, holding snake with cherry blossoms, black and gray with red irezumi Tattoo",,unique/no-known-duplicate,,,tat-ire-044-geisha-holding-snake-cherry-blossoms-red.jpeg,confirmation-required,publicly-fetchable-copy-to-controlled-host,Also present on legacy homepage `/`.
TAT-IRE-045,https://images.squarespace-cdn.com/content/v1/65979327ceca8e3c423a32ea/3aa7703c-880c-43ee-91fe-4a79b6765d4f/B99F62AC-5CF0-43A2-ABAB-CA196DB2BE0C.jpeg,/irezumi,tattoo,irezumi,/irezumi:45,B99F62AC-5CF0-43A2-ABAB-CA196DB2BE0C.jpeg,3024x3395,"Las Vegas Japanese style tattoo hannya Japanese mask hand dice, and stars, Tattoo, black and gray",IRE-HANNYA-HAND,canonical; confidence=high; visual-only,,,tat-ire-045-hannya-mask-hand-dice-stars.jpeg,confirmation-required,publicly-fetchable-copy-to-controlled-host,"Work group IRE-HANNYA-HAND: Same hannya hand/forearm tattoo, alternate views."
TAT-IRE-046,https://images.squarespace-cdn.com/content/v1/65979327ceca8e3c423a32ea/51b1ceb8-9c4c-415a-bb4e-391cbcf85f42/IMG_3679.jpeg,/irezumi,tattoo,irezumi,/irezumi:46,IMG_3679.jpeg,4284x5712,"Las Vegas Japanese style tattoo hannya Japanese mask hand dice, and stars, Tattoo, black and gray",IRE-HANNYA-HAND,alternate-view; confidence=high; visual-only,,,tat-ire-046-hannya-mask-hand-dice-stars.jpeg,confirmation-required,publicly-fetchable-copy-to-controlled-host,"Work group IRE-HANNYA-HAND: Same hannya hand/forearm tattoo, alternate views."
TAT-IRE-047,https://images.squarespace-cdn.com/content/v1/65979327ceca8e3c423a32ea/97a799ed-32c5-4d8c-a415-710d3547c0ee/IMG_0518.jpeg,/irezumi|/,tattoo,irezumi,/irezumi:47|/:9,IMG_0518.jpeg,4284x5712,"Las Vegas Japanese style Tattoo Geisha namakubi severed head, cherry blossoms, black, and gray with red irezumi Tattoo",,unique/no-known-duplicate,,,tat-ire-047-geisha-namakubi-severed-head-cherry-blossoms-red.jpeg,confirmation-required,publicly-fetchable-copy-to-controlled-host,Also present on legacy homepage `/`.
TAT-IRE-048,https://images.squarespace-cdn.com/content/v1/65979327ceca8e3c423a32ea/c2bb27bf-c1d2-411a-840e-ba1dc5c9aa84/IMG_3463.jpeg,/irezumi,tattoo,irezumi,/irezumi:48,IMG_3463.jpeg,4284x5712,"Las Vegas Japanese style tattoo, Dragon, black and gray with red flames irezumi Tattoo",,unique/no-known-duplicate,,,tat-ire-048-dragon-red-flames.jpeg,confirmation-required,publicly-fetchable-copy-to-controlled-host,
TAT-IRE-049,https://images.squarespace-cdn.com/content/v1/65979327ceca8e3c423a32ea/4fc7a867-c7e6-410c-a0f4-dcb6df468e89/0D1E4037-737C-43CF-B9AF-CE86C9660878.jpeg,/irezumi|/,tattoo,irezumi,/irezumi:49|/:25,0D1E4037-737C-43CF-B9AF-CE86C9660878.jpeg,826x826,"Las Vegas Japanese style tattoo, chrysanthemum, flower, black and gray irezumi Tattoo",,unique/no-known-duplicate,,,tat-ire-049-chrysanthemum-flower.jpeg,confirmation-required,publicly-fetchable-copy-to-controlled-host,Also present on legacy homepage `/`.
TAT-IRE-050,https://images.squarespace-cdn.com/content/v1/65979327ceca8e3c423a32ea/4c031790-1e30-460b-9f7f-cde76f2646a9/IMG_0109.jpeg,/irezumi,tattoo,irezumi,/irezumi:50,IMG_0109.jpeg,3024x4032,"Las Vegas Japanese style tattoo, swallow, Bird cherry blossom, Flower irezumi Tattoo",,unique/no-known-duplicate,,,tat-ire-050-swallow-bird-cherry-blossom-flower.jpeg,confirmation-required,publicly-fetchable-copy-to-controlled-host,
TAT-IRE-051,https://images.squarespace-cdn.com/content/v1/65979327ceca8e3c423a32ea/052f0463-38f5-4d6a-9532-ea9627506b5b/IMG_7314.jpeg,/irezumi,tattoo,irezumi,/irezumi:51,IMG_7314.jpeg,4284x5712,"Las Vegas Japanese style tattoo, Japanese dragon, backpiece, black and gray irezumi Tattoo",,unique/no-known-duplicate,portfolio/irezumi-dragon-back.jpg,prior-byte-match-receipt,tat-ire-051-dragon-backpiece.jpeg,confirmation-required,publicly-fetchable-copy-to-controlled-host,"Current-repo file present locally; this-session byte compare to ?format=1500w was not run because media download is forbidden. Local portfolio/irezumi-dragon-back.jpg is 437423 bytes, 1500x2000, sha256=32c0ac971d1a34c9ac190f052205bceaa9805d7860edf847076dd671b6fb0763. Unique dragon backpiece legacy alt."
TAT-IRE-052,https://images.squarespace-cdn.com/content/v1/65979327ceca8e3c423a32ea/6af0b08c-a558-4773-a0b1-933bc74743e1/IMG_7119.jpeg,/irezumi,tattoo,irezumi,/irezumi:52,IMG_7119.jpeg,4284x5712,"Las Vegas Japanese style tattoo, chrysanthemum, flower, black and gray with red Daruma doll irezumi Tattoo",,unique/no-known-duplicate,,,tat-ire-052-chrysanthemum-flower-red-daruma-doll.jpeg,confirmation-required,publicly-fetchable-copy-to-controlled-host,
TAT-IRE-053,https://images.squarespace-cdn.com/content/v1/65979327ceca8e3c423a32ea/8c5419fc-b187-428a-9e58-33302ca7bcc9/IMG_5995.jpeg,/irezumi,tattoo,irezumi,/irezumi:53,IMG_5995.jpeg,4284x5712,"Las Vegas Japanese style tattoo, black and gray Hannya mask with red cherry blossom Flower irezumi Tattoo",,unique/no-known-duplicate,,,tat-ire-053-hannya-mask-red-cherry-blossom-flower.jpeg,confirmation-required,publicly-fetchable-copy-to-controlled-host,
TAT-IRE-054,https://images.squarespace-cdn.com/content/v1/65979327ceca8e3c423a32ea/97f5b635-7c89-40e8-af59-52c0529a0edb/IMG_8047.jpeg,/irezumi,tattoo,irezumi,/irezumi:54,IMG_8047.jpeg,4284x5712,Las Vegas Japanese style Tattoo Koi fish with Japanese style finger waves irezumi Tattoo,,unique/no-known-duplicate,,,tat-ire-054-koi-fish-finger-wavess.jpeg,confirmation-required,publicly-fetchable-copy-to-controlled-host,Known future label correction: normalize finger waves.
TAT-IRE-055,https://images.squarespace-cdn.com/content/v1/65979327ceca8e3c423a32ea/aab4738f-d02d-4f0c-979f-07b97b0271d1/IMG_8046.jpeg,/irezumi,tattoo,irezumi,/irezumi:55,IMG_8046.jpeg,4284x5712,"Las Vegas Japanese style tattoo, peony flower with Japanese style finger waves irezumi Tattoo",,unique/no-known-duplicate,,,tat-ire-055-peony-flower-finger-wavess.jpeg,confirmation-required,publicly-fetchable-copy-to-controlled-host,Known future label correction: normalize finger waves.
TAT-IRE-056,https://images.squarespace-cdn.com/content/v1/65979327ceca8e3c423a32ea/7477b244-c6af-40ad-94b3-0ca8df1d0509/IMG_4151.jpeg,/irezumi,tattoo,irezumi,/irezumi:56,IMG_4151.jpeg,3024x4032,"Las Vegas Japanese style tattoo, black and gray dragon with black flames irezumi Tattoo",IRE-LIKELY-56-57,canonical; confidence=low; visual-only,,,tat-ire-056-dragon-flames.jpeg,confirmation-required,publicly-fetchable-copy-to-controlled-host,Work group IRE-LIKELY-56-57: Uncertain. Identical alts are supportive but not proof of same work.
TAT-IRE-057,https://images.squarespace-cdn.com/content/v1/65979327ceca8e3c423a32ea/c9beff04-c2a0-4696-8473-fd023c061700/IMG_6337.jpeg,/irezumi,tattoo,irezumi,/irezumi:57,IMG_6337.jpeg,4284x5712,"Las Vegas Japanese style tattoo, black and gray dragon with black flames irezumi Tattoo",IRE-LIKELY-56-57,likely-same-work; confidence=low; visual-only,,,tat-ire-057-dragon-flames.jpeg,confirmation-required,publicly-fetchable-copy-to-controlled-host,Work group IRE-LIKELY-56-57: Uncertain. Identical alts are supportive but not proof of same work.
TAT-IRE-058,https://images.squarespace-cdn.com/content/v1/65979327ceca8e3c423a32ea/ee838574-4086-41e6-9749-d551724183e7/IMG_7847.jpeg,/irezumi,tattoo,irezumi,/irezumi:58,IMG_7847.jpeg,4284x5712,"Las Vegas, Vegas, Japanese style Tattoo Koi fish with Japanese style finger waves tattoo",,unique/no-known-duplicate,,,tat-ire-058-koi-fish-finger-wavess.jpeg,confirmation-required,publicly-fetchable-copy-to-controlled-host,Known future label correction: normalize finger waves.
TAT-IRE-059,https://images.squarespace-cdn.com/content/v1/65979327ceca8e3c423a32ea/268946b8-fe26-4140-bd32-1afab815e695/IMG_9012.jpeg,/irezumi,tattoo,irezumi,/irezumi:59,IMG_9012.jpeg,4284x5712,"Las Vegas Japanese style tattoo, full sleeve monk praying under waterfall peony flowers Japanese style finger, Wave irezumi Tattoo",,unique/no-known-duplicate,,,tat-ire-059-sleeve-monk-praying-under-waterfall-peony-flowers-finger.jpeg,confirmation-required,publicly-fetchable-copy-to-controlled-host,Known future label correction: normalize finger waves. Direct visual review confirms this monk-and-peony sleeve is distinct from TAT-IRE-060's dragon-and-koi sleeve.
TAT-IRE-060,https://images.squarespace-cdn.com/content/v1/65979327ceca8e3c423a32ea/caad8fd3-81ca-4e3e-81d1-cfd654962f45/IMG_9322.jpeg,/irezumi|/,tattoo,irezumi,/irezumi:60|/:14,IMG_9322.jpeg,4284x5712,"Las Vegas Japanese style tattoo, full sleeve, full color, Japanese Dragon, and Koi Fish Tattoo finger Waves irezumi Tattoo",,unique/no-known-duplicate,portfolio/irezumi-dragon-koi-sleeve.jpg,prior-byte-match-receipt,tat-ire-060-sleeve-dragon-koi-fish-finger-wavess.jpeg,confirmation-required,publicly-fetchable-copy-to-controlled-host,"Current-repo file present locally; this-session byte compare to ?format=1500w was not run because media download is forbidden. Local portfolio/irezumi-dragon-koi-sleeve.jpg is 514614 bytes, 1500x2000, sha256=d403bdca645ff7f93d0881ac8d22dfbe44e36ed158c757f7b7812b2839d6593b. Unique dragon-and-koi sleeve legacy alt. Also present on legacy homepage `/`. Known future label correction: normalize finger waves. Direct visual review confirms this dragon-and-koi sleeve is distinct from TAT-IRE-059's monk-and-peony sleeve."
TAT-IRE-061,https://images.squarespace-cdn.com/content/v1/65979327ceca8e3c423a32ea/0d579aff-4380-46a8-8dd3-ed1302012ca7/IMG_5321.jpeg,/irezumi,tattoo,irezumi,/irezumi:61,IMG_5321.jpeg,4284x5712,"Las Vegas, Vegas, Japanese style Tattoo Koi fish with Japanese style finger waves tattoo",,unique/no-known-duplicate,,,tat-ire-061-koi-fish-finger-wavess.jpeg,confirmation-required,publicly-fetchable-copy-to-controlled-host,Known future label correction: normalize finger waves.
TAT-IRE-062,https://images.squarespace-cdn.com/content/v1/65979327ceca8e3c423a32ea/44943d88-c18d-4c3a-b8e4-304d1f736062/IMG_7015.jpeg,/irezumi,tattoo,irezumi,/irezumi:62,IMG_7015.jpeg,4284x5712,Las Vegas Japanese style Tattoo lotus flower enflamed holding houju irezumi black and gray tattoo,,unique/no-known-duplicate,,,tat-ire-062-lotus-flower-enflamed-holding-houju.jpeg,confirmation-required,publicly-fetchable-copy-to-controlled-host,
TAT-IRE-063,https://images.squarespace-cdn.com/content/v1/65979327ceca8e3c423a32ea/296ea4a5-0db8-4c59-94e5-c3b7c2498690/74514004-358C-4741-AEF3-F742F91DFFB9.jpeg,/irezumi,tattoo,irezumi,/irezumi:63,74514004-358C-4741-AEF3-F742F91DFFB9.jpeg,1440x1800,"Las Vegas Japanese style tattoo, Pisces Koi fish black, and gray irezumi tattoo",,unique/no-known-duplicate,,,tat-ire-063-pisces-koi-fish.jpeg,confirmation-required,publicly-fetchable-copy-to-controlled-host,
TAT-IRE-064,https://images.squarespace-cdn.com/content/v1/65979327ceca8e3c423a32ea/d81bee0e-edf8-4a1d-a283-c1e56673e765/IMG_0723.jpeg,/irezumi|/,tattoo,irezumi,/irezumi:64|/:21,IMG_0723.jpeg,4284x5712,"Las Vegas Japanese style Tattoo swallow birds holding Oma mori amulet with Japanese kanji writing, black and gray irezumi tattoo",,unique/no-known-duplicate,,,tat-ire-064-swallow-birds-holding-omamori-amulet-kanji-writing.jpeg,confirmation-required,publicly-fetchable-copy-to-controlled-host,Also present on legacy homepage `/`. Known future label correction: Oma Mori -> omamori.
TAT-IRE-065,https://images.squarespace-cdn.com/content/v1/65979327ceca8e3c423a32ea/ea9b4965-7797-4863-9f60-94de56b9143e/IMG_9791.jpeg,/irezumi|/,tattoo,irezumi,/irezumi:65|/:20,IMG_9791.jpeg,4284x5712,"Las Vegas Japanese style Tattoo tiger with Japanese style finger waves, black and gray irezumi tattoo",IRE-TIGER,canonical; confidence=high; visual-only,portfolio/irezumi-tiger-thigh.jpg,prior-byte-match-receipt,tat-ire-065-tiger-finger-wavess.jpeg,confirmation-required,publicly-fetchable-copy-to-controlled-host,"Current-repo file present locally; this-session byte compare to ?format=1500w was not run because media download is forbidden. Local portfolio/irezumi-tiger-thigh.jpg is 420769 bytes, 1500x2000, sha256=7f649930d802fed6d7fe6a8b06a79d2a3661e4be0f5af49891a52d6f04adfae0. Tiger alt is shared with I66; I65 filename IMG_9791 better fits the local file CreateDate 2024-08-09 than I66 IMG_3660. Still not a this-session 1500w hash. Also present on legacy homepage `/`. Known future label correction: normalize finger waves. Work group IRE-TIGER: Same tiger tattoo, alternate views. I65 also appears on the legacy homepage; I66 does not."
TAT-IRE-066,https://images.squarespace-cdn.com/content/v1/65979327ceca8e3c423a32ea/184375fc-857d-45ea-9225-2a3d3415d9be/IMG_3660.jpeg,/irezumi,tattoo,irezumi,/irezumi:66,IMG_3660.jpeg,4284x5712,"Las Vegas Japanese style Tattoo tiger with Japanese style finger waves, black and gray irezumi tattoo",IRE-TIGER,alternate-view; confidence=high; visual-only,,,tat-ire-066-tiger-finger-wavess.jpeg,confirmation-required,publicly-fetchable-copy-to-controlled-host,"Known future label correction: normalize finger waves. Work group IRE-TIGER: Same tiger tattoo, alternate views. I65 also appears on the legacy homepage; I66 does not."
TAT-IRE-067,https://images.squarespace-cdn.com/content/v1/65979327ceca8e3c423a32ea/ac43deae-db67-4ec7-8946-58b2e398176f/IMG_0679.jpeg,/irezumi|/,tattoo,irezumi,/irezumi:67|/:1,IMG_0679.jpeg,3024x4032,"Las Vegas, Japanese tattoo, snake and peony flower, black and gray with red irezumi tattoo",,unique/no-known-duplicate,,,tat-ire-067-snake-peony-flower-red.jpeg,confirmation-required,publicly-fetchable-copy-to-controlled-host,Also present on legacy homepage `/`.
TAT-IRE-068,https://images.squarespace-cdn.com/content/v1/65979327ceca8e3c423a32ea/61ce9dbb-2b13-49d9-ad9e-d66a821290e0/CCBA49FE-38AB-4299-904C-19B95EAD5F17.jpeg,/irezumi,tattoo,irezumi,/irezumi:68,CCBA49FE-38AB-4299-904C-19B95EAD5F17.jpeg,2495x2495,Las Vegas Japanese Tattoo kintaro deity yokai ukiyoe irezumi black and graytattoo,,unique/no-known-duplicate,,,tat-ire-068-kintaro-deity-yokai-ukiyoe-graytattoo.jpeg,confirmation-required,publicly-fetchable-copy-to-controlled-host,
TAT-IRE-069,https://images.squarespace-cdn.com/content/v1/65979327ceca8e3c423a32ea/339c1593-5ff3-40d4-a068-ebb03ccfbed0/F23F609A-A5FC-43E3-A1E2-D7457B418531.jpeg,/irezumi,tattoo,irezumi,/irezumi:69,F23F609A-A5FC-43E3-A1E2-D7457B418531.jpeg,2686x2686,"Las Vegas Japanese tattoo, magic mallet uchide no kozuchi ukiyoe yokai irezumi black and gray tattoo",,unique/no-known-duplicate,,,tat-ire-069-magic-mallet-uchide-no-kozuchi-ukiyoe-yokai.jpeg,confirmation-required,publicly-fetchable-copy-to-controlled-host,
TAT-IRE-070,https://images.squarespace-cdn.com/content/v1/65979327ceca8e3c423a32ea/43c8b1f1-c7c8-4562-bfad-b000b2775398/0C5E32A1-32FB-4BC8-88DE-2EC5A6416C8F.jpeg,/irezumi,tattoo,irezumi,/irezumi:70,0C5E32A1-32FB-4BC8-88DE-2EC5A6416C8F.jpeg,2452x3065,"Las Vegas Japanese style tattoo, hannya mask neo, Japanese black, and gray Japanese style finger waves irezumi Tattoo",,unique/no-known-duplicate,,,tat-ire-070-hannya-mask-neo-finger-wavess.jpeg,confirmation-required,publicly-fetchable-copy-to-controlled-host,Known future label correction: normalize finger waves.
TAT-IRE-071,https://images.squarespace-cdn.com/content/v1/65979327ceca8e3c423a32ea/8b13581b-b8cd-4457-8de6-693f48cc3035/IMG_7723.jpeg,/irezumi|/,tattoo,irezumi,/irezumi:71|/:29,IMG_7723.jpeg,3024x4032,Las Vegas Japanese Tattoo Geisha boujee rich girl jewelry money ukiyoe irezumi tattoo,,unique/no-known-duplicate,,,tat-ire-071-geisha-boujee-rich-girl-jewelry-money-ukiyoe.jpeg,confirmation-required,publicly-fetchable-copy-to-controlled-host,Also present on legacy homepage `/`.
TAT-IRE-072,https://images.squarespace-cdn.com/content/v1/65979327ceca8e3c423a32ea/3849ef5a-f429-4927-aaed-1a373c6ad962/IMG_6593.jpeg,/irezumi,tattoo,irezumi,/irezumi:72,IMG_6593.jpeg,3024x4032,"Las Vegas Japanese tattoo, black and gray dragon, red flames, pink cherry blossoms irezumi tattoo",,unique/no-known-duplicate,,,tat-ire-072-dragon-red-flames-pink-cherry-blossoms.jpeg,confirmation-required,publicly-fetchable-copy-to-controlled-host,
TAT-IRE-073,https://images.squarespace-cdn.com/content/v1/65979327ceca8e3c423a32ea/0aefc9fc-4859-41a6-9a6f-78d38f27e1f8/dylan+prorok+las+vegas+japenese+tattoo+artist+gallery+image-26.jpg,/irezumi,tattoo,irezumi,/irezumi:73,dylan prorok las vegas japenese tattoo artist gallery image-26.jpg,1125x1500,"Las Vegas Japanese style tattoo, Koi fish finger Waves cherry blossoms whacking Gray with red irezumi Tattoo",IRE-SLEEVE-73-74,canonical; confidence=high; visual-only,,,tat-ire-073-koi-fish-finger-wavess-cherry-blossoms-whacking-red.jpg,confirmation-required,publicly-fetchable-copy-to-controlled-host,"Known future label correction: normalize finger waves. Work group IRE-SLEEVE-73-74: Same sleeve, alternate views. Legacy alts differ (koi vs frog/koi) and are not treated as separate works."
TAT-IRE-074,https://images.squarespace-cdn.com/content/v1/65979327ceca8e3c423a32ea/2fcbc48d-4830-4af4-8773-48dd89746e14/dylan+prorok+las+vegas+japenese+tattoo+artist+gallery+image-27.jpg,/irezumi,tattoo,irezumi,/irezumi:74,dylan prorok las vegas japenese tattoo artist gallery image-27.jpg,1125x1500,"Las Vegas Japanese tattoo, Frog Koi fish, Japanese style finger, waves, black, and gray with red. Irezumi Tattoo.",IRE-SLEEVE-73-74,alternate-view; confidence=high; visual-only,,,tat-ire-074-frog-koi-fish-finger-wavess-red.jpg,confirmation-required,publicly-fetchable-copy-to-controlled-host,"Known future label correction: normalize finger waves. Work group IRE-SLEEVE-73-74: Same sleeve, alternate views. Legacy alts differ (koi vs frog/koi) and are not treated as separate works."
TAT-IRE-075,https://images.squarespace-cdn.com/content/v1/65979327ceca8e3c423a32ea/55f60e36-6e71-4cdf-aaba-981e543f680c/IMG_5103.jpeg,/irezumi,tattoo,irezumi,/irezumi:75,IMG_5103.jpeg,4284x5712,"Las Vegas Japanese Tattoo Koi fish finger, Waves cherry blossom irezumi tattoo",,unique/no-known-duplicate,,,tat-ire-075-koi-fish-finger-wavess-cherry-blossom.jpeg,confirmation-required,publicly-fetchable-copy-to-controlled-host,Known future label correction: normalize finger waves.
TAT-IRE-076,https://images.squarespace-cdn.com/content/v1/65979327ceca8e3c423a32ea/2a1c01b0-555f-496f-8ea5-94fb6a85786f/dylan+prorok+las+vegas+japenese+tattoo+artist+gallery+image-29.jpg,/irezumi,tattoo,irezumi,/irezumi:76,dylan prorok las vegas japenese tattoo artist gallery image-29.jpg,1125x1500,"Las Vegas Japanese tattoo, cherry stem, Japanese masks, black work irezumi tattoo",,unique/no-known-duplicate,,,tat-ire-076-cherry-stem-masks-work.jpg,confirmation-required,publicly-fetchable-copy-to-controlled-host,
TAT-IRE-077,https://images.squarespace-cdn.com/content/v1/65979327ceca8e3c423a32ea/c9d05545-8093-46ac-8823-1e39d2e8f278/dylan+prorok+las+vegas+japenese+tattoo+artist+gallery+image-22.jpg,/irezumi,tattoo,irezumi,/irezumi:77,dylan prorok las vegas japenese tattoo artist gallery image-22.jpg,728x1500,Las Vegas Japanese tattoo Japanese mask split with chrysanthemum flower in the middle irezumi Tattoo,,unique/no-known-duplicate,,,tat-ire-077-mask-split-chrysanthemum-flower-in-middle.jpg,confirmation-required,publicly-fetchable-copy-to-controlled-host,
TAT-IRE-078,https://images.squarespace-cdn.com/content/v1/65979327ceca8e3c423a32ea/63a8def7-deb2-4235-89d0-dd48d1cd2235/dylan+prorok+las+vegas+japenese+tattoo+artist+gallery+image-19.jpg,/irezumi,tattoo,irezumi,/irezumi:78,dylan prorok las vegas japenese tattoo artist gallery image-19.jpg,1125x1500,"Las Vegas Japanese tattoo, Buddha hand with eyeball on the palm, holding flames, black and gray irezumi tattoo",,unique/no-known-duplicate,,,tat-ire-078-buddha-hand-eyeball-on-palm-holding-flames.jpg,confirmation-required,publicly-fetchable-copy-to-controlled-host,
TAT-IRE-079,https://images.squarespace-cdn.com/content/v1/65979327ceca8e3c423a32ea/67621fe6-7539-45ae-b65a-d9602e6a82c5/dylan+prorok+las+vegas+japenese+tattoo+artist+gallery+image-25.jpg,/irezumi,tattoo,irezumi,/irezumi:79,dylan prorok las vegas japenese tattoo artist gallery image-25.jpg,1125x1500,"Las Vegas Japanese tattoo, peony, flower, black and gray neo Japanese tattoo",,unique/no-known-duplicate,,,tat-ire-079-peony-flower-neo.jpg,confirmation-required,publicly-fetchable-copy-to-controlled-host,
TAT-IRE-080,https://images.squarespace-cdn.com/content/v1/65979327ceca8e3c423a32ea/755c8c76-e10a-4dcb-8a83-bff1d3ac1676/dylan+prorok+las+vegas+japenese+tattoo+artist+gallery+image-17.jpg,/irezumi|/,tattoo,irezumi,/irezumi:80|/:26,dylan prorok las vegas japenese tattoo artist gallery image-17.jpg,841x1500,"Las Vegas Japanese Tattoo Kitsune Japanese fox mask, cherry blossoms, hand tattoo",,unique/no-known-duplicate,portfolio/irezumi-kitsune-hand.jpg,prior-byte-match-receipt,tat-ire-080-kitsune-fox-mask-cherry-blossoms-hand.jpg,confirmation-required,publicly-fetchable-copy-to-controlled-host,"Current-repo file present locally; this-session byte compare to ?format=1500w was not run because media download is forbidden. Local portfolio/irezumi-kitsune-hand.jpg is 342521 bytes, 841x1500, sha256=943e7328176a906fb00098c3664c9174b2d641e01d5691ed545578ab766f96f3. Unique kitsune-hand alt. Local file is 841x1500, equal to the source data-image-dimensions. Also present on legacy homepage `/`."
TAT-IRE-081,https://images.squarespace-cdn.com/content/v1/65979327ceca8e3c423a32ea/ef1e1b22-8af5-4f0b-8ff0-4bf8e1b8b7e8/dylan+prorok+las+vegas+japenese+tattoo+artist+gallery+image-16.jpg,/irezumi,tattoo,irezumi,/irezumi:81,dylan prorok las vegas japenese tattoo artist gallery image-16.jpg,864x1500,Las Vegas Japanese tattoo,,unique/no-known-duplicate,,,tat-ire-081.jpg,confirmation-required,publicly-fetchable-copy-to-controlled-host,
TAT-IRE-082,https://images.squarespace-cdn.com/content/v1/65979327ceca8e3c423a32ea/e36b7de5-7d3f-4426-93ce-2155bd6fda79/dylan+prorok+las+vegas+japenese+tattoo+artist+gallery+image-12.jpg,/irezumi,tattoo,irezumi,/irezumi:82,dylan prorok las vegas japenese tattoo artist gallery image-12.jpg,1125x1500,"Las Vegas Japanese tattoo, lucky cat with cherry blossoms, black and gray tattoo",,unique/no-known-duplicate,,,tat-ire-082-lucky-cat-cherry-blossoms.jpg,confirmation-required,publicly-fetchable-copy-to-controlled-host,
TAT-IRE-083,https://images.squarespace-cdn.com/content/v1/65979327ceca8e3c423a32ea/f172c942-cd8f-4578-a2a7-be33b7b9d276/dylan+prorok+las+vegas+japenese+tattoo+artist+gallery+image-10.jpg,/irezumi|/,tattoo,irezumi,/irezumi:83|/:27,dylan prorok las vegas japenese tattoo artist gallery image-10.jpg,1125x1500,"Las Vegas Japanese tattoo, snake coiled around a chrysanthemum flower full color neo Japanese tattoo",,unique/no-known-duplicate,,,tat-ire-083-snake-coiled-around-a-chrysanthemum-flower-neo.jpg,confirmation-required,publicly-fetchable-copy-to-controlled-host,Also present on legacy homepage `/`.
TAT-IRE-084,https://images.squarespace-cdn.com/content/v1/65979327ceca8e3c423a32ea/788327e0-d610-42c5-8e27-572228c2293a/dylan+prorok+las+vegas+japenese+tattoo+artist+gallery+image-11.jpg,/irezumi|/,tattoo,irezumi,/irezumi:84|/:28,dylan prorok las vegas japenese tattoo artist gallery image-11.jpg,645x1500,"Las Vegas Japanese Tattoo full Sleeve Geisha head peony flower Koi fish, black, and grey tattoo",,unique/no-known-duplicate,portfolio/irezumi-geisha-sleeve.jpg,prior-byte-match-receipt,tat-ire-084-sleeve-geisha-head-peony-flower-koi-fish.jpg,confirmation-required,publicly-fetchable-copy-to-controlled-host,"Current-repo file present locally; this-session byte compare to ?format=1500w was not run because media download is forbidden. Local portfolio/irezumi-geisha-sleeve.jpg is 301371 bytes, 645x1500, sha256=6d759c3630ae3070039576073ede632d1f130d5d0b673420b49c42a3b1ee0dba. Unique geisha-sleeve alt. Local file is 645x1500, equal to the source data-image-dimensions. Also present on legacy homepage `/`."
TAT-IRE-085,https://images.squarespace-cdn.com/content/v1/65979327ceca8e3c423a32ea/018874e6-c43d-4b79-9d2e-861b15d1235f/dylan+prorok+las+vegas+japenese+tattoo+artist+gallery+image-09.jpg,/irezumi,tattoo,irezumi,/irezumi:85,dylan prorok las vegas japenese tattoo artist gallery image-09.jpg,1125x1500,"Las Vegas Japanese tattoo, chrysanthemum, flower, black and gray tattoo",,unique/no-known-duplicate,,,tat-ire-085-chrysanthemum-flower.jpg,confirmation-required,publicly-fetchable-copy-to-controlled-host,
TAT-IRE-086,https://images.squarespace-cdn.com/content/v1/65979327ceca8e3c423a32ea/249b94fe-faa0-46b9-bc65-1a1b3f37b6de/dylan+prorok+las+vegas+japenese+tattoo+artist+gallery+image-04.jpg,/irezumi,tattoo,irezumi,/irezumi:86,dylan prorok las vegas japenese tattoo artist gallery image-04.jpg,1262x1500,"Las Vegas Japanese Tattoo, full color neo Japanese monkey king Tattoo",,unique/no-known-duplicate,,,tat-ire-086-neo-monkey-king.jpg,confirmation-required,publicly-fetchable-copy-to-controlled-host,
TAT-IRE-087,https://images.squarespace-cdn.com/content/v1/65979327ceca8e3c423a32ea/a746ecfc-d895-4b27-9fab-4708d31f915b/dylon+prorok+japanese+flower+tatoo+las+vegas+aartist.jpg,/irezumi,tattoo,irezumi,/irezumi:87,dylon prorok japanese flower tatoo las vegas aartist.jpg,720x900,Las Vegas Japanese full Sleeve chrysanthemum Flower black Work Japanese tattoo,IRE-FLOWER-SLEEVE-87-88,canonical; confidence=high; visual-only,,,tat-ire-087-sleeve-chrysanthemum-flower-work.jpg,confirmation-required,publicly-fetchable-copy-to-controlled-host,"Work group IRE-FLOWER-SLEEVE-87-88: Same flower sleeve, alternate views."
TAT-IRE-088,https://images.squarespace-cdn.com/content/v1/65979327ceca8e3c423a32ea/73863132-2e25-45cb-96ad-7cdede0a1a42/dylan+prorok+japanese+flower+tatoo+front+las+vegas+artist.jpg,/irezumi,tattoo,irezumi,/irezumi:88,dylan prorok japanese flower tatoo front las vegas artist.jpg,720x900,Las Vegas Japanese full Sleeve chrysanthemum peony Flower Flower black Work Japanese tattoo,IRE-FLOWER-SLEEVE-87-88,alternate-view; confidence=high; visual-only,,,tat-ire-088-sleeve-chrysanthemum-peony-flower-flower-work.jpg,confirmation-required,publicly-fetchable-copy-to-controlled-host,"Work group IRE-FLOWER-SLEEVE-87-88: Same flower sleeve, alternate views."
TAT-COL-001,https://images.squarespace-cdn.com/content/v1/65979327ceca8e3c423a32ea/1736318047967-TFRH2ZDZXATB96BNEBNR/IMG_2139.jpeg,/color|/flash-1,tattoo,color,/color:1|/flash-1:1,IMG_2139.jpeg,4284x5712,IMG_2139.jpeg,COL-SLEEVE-01-03,canonical; confidence=high; visual-only,,,tat-col-001-img-2139.jpeg,confirmation-required,publicly-fetchable-copy-to-controlled-host,"Exact same source URL also appears on `/flash-1` (URL-level overlap, not a second asset). Legacy alt is the filename; do not promote it to a subject label. Work group COL-SLEEVE-01-03: Same full sleeve, alternate views. Color-page alts are filenames only."
TAT-COL-002,https://images.squarespace-cdn.com/content/v1/65979327ceca8e3c423a32ea/1736318047566-2PEH39TXNUJEOPAN1EBO/IMG_2141.jpeg,/color|/flash-1,tattoo,color,/color:2|/flash-1:2,IMG_2141.jpeg,4284x5712,IMG_2141.jpeg,COL-SLEEVE-01-03,alternate-view; confidence=high; visual-only,,,tat-col-002-img-2141.jpeg,confirmation-required,publicly-fetchable-copy-to-controlled-host,"Exact same source URL also appears on `/flash-1` (URL-level overlap, not a second asset). Legacy alt is the filename; do not promote it to a subject label. Work group COL-SLEEVE-01-03: Same full sleeve, alternate views. Color-page alts are filenames only."
TAT-COL-003,https://images.squarespace-cdn.com/content/v1/65979327ceca8e3c423a32ea/1736318059005-699A3NRGPCHTHA5HZFQ5/IMG_2143.jpeg,/color|/flash-1,tattoo,color,/color:3|/flash-1:3,IMG_2143.jpeg,4284x5712,IMG_2143.jpeg,COL-SLEEVE-01-03,alternate-view; confidence=high; visual-only,,,tat-col-003-img-2143.jpeg,confirmation-required,publicly-fetchable-copy-to-controlled-host,"Exact same source URL also appears on `/flash-1` (URL-level overlap, not a second asset). Legacy alt is the filename; do not promote it to a subject label. Work group COL-SLEEVE-01-03: Same full sleeve, alternate views. Color-page alts are filenames only."
TAT-COL-004,https://images.squarespace-cdn.com/content/v1/65979327ceca8e3c423a32ea/1736318058743-LN1WOMUT0D1A6B6RYKDK/IMG_2018.jpeg,/color|/flash-1,tattoo,color,/color:4|/flash-1:4,IMG_2018.jpeg,4284x5712,IMG_2018.jpeg,,unique/no-known-duplicate,,,tat-col-004-img-2018.jpeg,confirmation-required,publicly-fetchable-copy-to-controlled-host,"Exact same source URL also appears on `/flash-1` (URL-level overlap, not a second asset). Legacy alt is the filename; do not promote it to a subject label."
TAT-COL-005,https://images.squarespace-cdn.com/content/v1/65979327ceca8e3c423a32ea/1736318164318-2R2UDUR87BGVZNZEHIVV/IMG_0982.jpeg,/color|/flash-1,tattoo,color,/color:5|/flash-1:24,IMG_0982.jpeg,3024x4032,IMG_0982.jpeg,,unique/no-known-duplicate,,,tat-col-005-img-0982.jpeg,confirmation-required,publicly-fetchable-copy-to-controlled-host,"Exact same source URL also appears on `/flash-1` (URL-level overlap, not a second asset). Legacy alt is the filename; do not promote it to a subject label."
TAT-COL-006,https://images.squarespace-cdn.com/content/v1/65979327ceca8e3c423a32ea/1736318166353-HLSB0LPUS4N83XR5R8UX/2D106C0E-C7FE-4072-A4B2-A09784A48DF2.jpeg,/color|/flash-1,tattoo,color,/color:6|/flash-1:26,2D106C0E-C7FE-4072-A4B2-A09784A48DF2.jpeg,843x1124,2D106C0E-C7FE-4072-A4B2-A09784A48DF2.jpeg,,unique/no-known-duplicate,,,tat-col-006-2d106c0e-c7fe-4072-a4b2-a09784a48df2.jpeg,confirmation-required,publicly-fetchable-copy-to-controlled-host,"Exact same source URL also appears on `/flash-1` (URL-level overlap, not a second asset). Legacy alt is the filename; do not promote it to a subject label."
TAT-COL-007,https://images.squarespace-cdn.com/content/v1/65979327ceca8e3c423a32ea/1736318182639-1E7ZVCLCT1SG7APP96MU/IMG_7432.jpeg,/color|/flash-1,tattoo,color,/color:7|/flash-1:29,IMG_7432.jpeg,3024x4032,IMG_7432.jpeg,,unique/no-known-duplicate,,,tat-col-007-img-7432.jpeg,confirmation-required,publicly-fetchable-copy-to-controlled-host,"Exact same source URL also appears on `/flash-1` (URL-level overlap, not a second asset). Legacy alt is the filename; do not promote it to a subject label."
TAT-COL-008,https://images.squarespace-cdn.com/content/v1/65979327ceca8e3c423a32ea/1743481847346-CJ5I9H943XSOH02RJ3LJ/IMG_3084.jpeg,/color,tattoo,color,/color:8,IMG_3084.jpeg,3024x4032,IMG_3084.jpeg,,unique/no-known-duplicate,portfolio/color-medusa.jpg,prior-byte-match-receipt,tat-col-008-img-3084.jpeg,confirmation-required,publicly-fetchable-copy-to-controlled-host,"Current-repo file present locally; this-session byte compare to ?format=1500w was not run because media download is forbidden. Local portfolio/color-medusa.jpg is 416355 bytes, 1500x2000, sha256=a18c224ec0f7ee6ce66f41e41169a3cc320283bca4c3d2e6cf6e1d3b3955430c. Bound to this exact source URL from the closer's prior byte-match receipt. Color-page alt is the filename only; that is not the binding evidence. Current-site alt says chest; treat that as a later label to correct, not as source metadata. Local file is 1500x2000 from a 3024x4032 source. Legacy alt is the filename; do not promote it to a subject label."
TAT-COL-009,https://images.squarespace-cdn.com/content/v1/65979327ceca8e3c423a32ea/1767060510302-PCACNHWOJMDQZHYOGCF2/IMG_5959.jpeg,/color,tattoo,color,/color:9,IMG_5959.jpeg,4284x5712,IMG_5959.jpeg,,unique/no-known-duplicate,,,tat-col-009-img-5959.jpeg,confirmation-required,publicly-fetchable-copy-to-controlled-host,Legacy alt is the filename; do not promote it to a subject label.
TAT-BNG-001,https://images.squarespace-cdn.com/content/v1/65979327ceca8e3c423a32ea/1736318068823-T0KZGL6ISRZ3MEKO1DEU/IMG_0806.jpeg,/bng|/flash-1,tattoo,black-and-grey,/bng:1|/flash-1:6,IMG_0806.jpeg,4284x5712,IMG_0806.jpeg,,unique/no-known-duplicate,portfolio/bng-panther.jpg,prior-byte-match-receipt,tat-bng-001-img-0806.jpeg,confirmation-required,publicly-fetchable-copy-to-controlled-host,"Current-repo file present locally; this-session byte compare to ?format=1500w was not run because media download is forbidden. Local portfolio/bng-panther.jpg is 276785 bytes, 1500x2000, sha256=46ec9f2a35401342b19212a0e7705402d7bdc6ac0741e69920937401b3785479. Bound to this exact source URL from the closer's prior byte-match receipt. BNG alt is the filename only; that is not the binding evidence. Local file is 1500x2000 from a 4284x5712 source. Exact same source URL also appears on `/flash-1` (URL-level overlap, not a second asset). Legacy alt is the filename; do not promote it to a subject label."
TAT-BNG-002,https://images.squarespace-cdn.com/content/v1/65979327ceca8e3c423a32ea/1736318078061-81I24JAWKT993XW8ECTM/IMG_0734.jpeg,/bng|/flash-1,tattoo,black-and-grey,/bng:2|/flash-1:7,IMG_0734.jpeg,4284x5712,IMG_0734.jpeg,,unique/no-known-duplicate,,,tat-bng-002-img-0734.jpeg,confirmation-required,publicly-fetchable-copy-to-controlled-host,"Exact same source URL also appears on `/flash-1` (URL-level overlap, not a second asset). Legacy alt is the filename; do not promote it to a subject label."
TAT-BNG-003,https://images.squarespace-cdn.com/content/v1/65979327ceca8e3c423a32ea/1736318088328-LUBM22SFW6X2K7KTUY2R/IMG_9902.jpeg,/bng|/flash-1,tattoo,black-and-grey,/bng:3|/flash-1:9,IMG_9902.jpeg,4284x5712,IMG_9902.jpeg,,unique/no-known-duplicate,,,tat-bng-003-img-9902.jpeg,confirmation-required,publicly-fetchable-copy-to-controlled-host,"Exact same source URL also appears on `/flash-1` (URL-level overlap, not a second asset). Legacy alt is the filename; do not promote it to a subject label."
TAT-BNG-004,https://images.squarespace-cdn.com/content/v1/65979327ceca8e3c423a32ea/1736318101609-X30ORR3CIJ8L85DR3FSS/IMG_9819.jpeg,/bng|/flash-1,tattoo,black-and-grey,/bng:4|/flash-1:11,IMG_9819.jpeg,4284x5712,IMG_9819.jpeg,BNG-SNAKE-BACK-04-30,canonical; confidence=high; visual-only,,,tat-bng-004-img-9819.jpeg,confirmation-required,publicly-fetchable-copy-to-controlled-host,"Exact same source URL also appears on `/flash-1` (URL-level overlap, not a second asset). Legacy alt is the filename; do not promote it to a subject label. Work group BNG-SNAKE-BACK-04-30: Same snake back tattoo, alternate/contextual views. B30 is a later Squarespace upload batch than B04. Interpreted as the pair B04 and B30 because an inclusive B04-through-B30 range would absorb B09-B10, which the closer separately identified as a head tattoo."
TAT-BNG-005,https://images.squarespace-cdn.com/content/v1/65979327ceca8e3c423a32ea/1736318105307-A9IICX7HLOVZK0RU4EMW/IMG_7125.jpeg,/bng|/flash-1,tattoo,black-and-grey,/bng:5|/flash-1:12,IMG_7125.jpeg,3024x4032,IMG_7125.jpeg,,unique/no-known-duplicate,,,tat-bng-005-img-7125.jpeg,confirmation-required,publicly-fetchable-copy-to-controlled-host,"Exact same source URL also appears on `/flash-1` (URL-level overlap, not a second asset). Legacy alt is the filename; do not promote it to a subject label."
TAT-BNG-006,https://images.squarespace-cdn.com/content/v1/65979327ceca8e3c423a32ea/1736318104747-TBZM8MIL6NWCK9U8OKJ4/B7206F65-66BD-4DE9-AB3B-5CF2F0A09297.jpeg,/bng|/flash-1,tattoo,black-and-grey,/bng:6|/flash-1:13,B7206F65-66BD-4DE9-AB3B-5CF2F0A09297.jpeg,1440x1800,B7206F65-66BD-4DE9-AB3B-5CF2F0A09297.jpeg,,unique/no-known-duplicate,,,tat-bng-006-b7206f65-66bd-4de9-ab3b-5cf2f0a09297.jpeg,confirmation-required,publicly-fetchable-copy-to-controlled-host,"Exact same source URL also appears on `/flash-1` (URL-level overlap, not a second asset). Legacy alt is the filename; do not promote it to a subject label."
TAT-BNG-007,https://images.squarespace-cdn.com/content/v1/65979327ceca8e3c423a32ea/1736318118648-N5EWIVY1HUYA2EC6HQNA/IMG_6484.jpeg,/bng|/flash-1,tattoo,black-and-grey,/bng:7|/flash-1:14,IMG_6484.jpeg,3024x4032,IMG_6484.jpeg,,unique/no-known-duplicate,,,tat-bng-007-img-6484.jpeg,confirmation-required,publicly-fetchable-copy-to-controlled-host,"Exact same source URL also appears on `/flash-1` (URL-level overlap, not a second asset). Legacy alt is the filename; do not promote it to a subject label."
TAT-BNG-008,https://images.squarespace-cdn.com/content/v1/65979327ceca8e3c423a32ea/1736318120048-PHBHBQJY94GLG3HOGQUU/IMG_5117.jpeg,/bng|/flash-1,tattoo,black-and-grey,/bng:8|/flash-1:15,IMG_5117.jpeg,3024x4032,IMG_5117.jpeg,,unique/no-known-duplicate,,,tat-bng-008-img-5117.jpeg,confirmation-required,publicly-fetchable-copy-to-controlled-host,"Exact same source URL also appears on `/flash-1` (URL-level overlap, not a second asset). Legacy alt is the filename; do not promote it to a subject label."
TAT-BNG-009,https://images.squarespace-cdn.com/content/v1/65979327ceca8e3c423a32ea/1736318127508-ETE9V1GTNXO1Y3M6211S/IMG_5097.jpeg,/bng|/flash-1,tattoo,black-and-grey,/bng:9|/flash-1:16,IMG_5097.jpeg,3024x4032,IMG_5097.jpeg,BNG-HEAD-09-10,canonical; confidence=high; visual-only,,,tat-bng-009-img-5097.jpeg,confirmation-required,publicly-fetchable-copy-to-controlled-host,"Exact same source URL also appears on `/flash-1` (URL-level overlap, not a second asset). Legacy alt is the filename; do not promote it to a subject label. Work group BNG-HEAD-09-10: Same head tattoo, alternate views. BNG alts are filenames only."
TAT-BNG-010,https://images.squarespace-cdn.com/content/v1/65979327ceca8e3c423a32ea/1736318129019-KFH2L0B3DD7NZN05BCVM/IMG_5040.jpeg,/bng|/flash-1,tattoo,black-and-grey,/bng:10|/flash-1:17,IMG_5040.jpeg,3024x4032,IMG_5040.jpeg,BNG-HEAD-09-10,alternate-view; confidence=high; visual-only,,,tat-bng-010-img-5040.jpeg,confirmation-required,publicly-fetchable-copy-to-controlled-host,"Exact same source URL also appears on `/flash-1` (URL-level overlap, not a second asset). Legacy alt is the filename; do not promote it to a subject label. Work group BNG-HEAD-09-10: Same head tattoo, alternate views. BNG alts are filenames only."
TAT-BNG-011,https://images.squarespace-cdn.com/content/v1/65979327ceca8e3c423a32ea/1736318139952-JQZE9JKX2YFCSP8V35LQ/IMG_4011.jpeg,/bng|/flash-1,tattoo,black-and-grey,/bng:11|/flash-1:18,IMG_4011.jpeg,3024x4032,IMG_4011.jpeg,,unique/no-known-duplicate,,,tat-bng-011-img-4011.jpeg,confirmation-required,publicly-fetchable-copy-to-controlled-host,"Exact same source URL also appears on `/flash-1` (URL-level overlap, not a second asset). Legacy alt is the filename; do not promote it to a subject label."
TAT-BNG-012,https://images.squarespace-cdn.com/content/v1/65979327ceca8e3c423a32ea/1736318141348-7LXC38ETQNZXLEZ4G7KW/IMG_3949.jpeg,/bng|/flash-1,tattoo,black-and-grey,/bng:12|/flash-1:19,IMG_3949.jpeg,3024x4032,IMG_3949.jpeg,,unique/no-known-duplicate,,,tat-bng-012-img-3949.jpeg,confirmation-required,publicly-fetchable-copy-to-controlled-host,"Exact same source URL also appears on `/flash-1` (URL-level overlap, not a second asset). Legacy alt is the filename; do not promote it to a subject label."
TAT-BNG-013,https://images.squarespace-cdn.com/content/v1/65979327ceca8e3c423a32ea/1736318145675-J55SBJ3RO2IHTS2ONG99/IMG_3728.jpeg,/bng|/flash-1,tattoo,black-and-grey,/bng:13|/flash-1:20,IMG_3728.jpeg,3024x4032,IMG_3728.jpeg,,unique/no-known-duplicate,,,tat-bng-013-img-3728.jpeg,confirmation-required,publicly-fetchable-copy-to-controlled-host,"Exact same source URL also appears on `/flash-1` (URL-level overlap, not a second asset). Legacy alt is the filename; do not promote it to a subject label."
TAT-BNG-014,https://images.squarespace-cdn.com/content/v1/65979327ceca8e3c423a32ea/1736318150074-2UXNWXR1TVYJEO6BT83I/IMG_3146.jpeg,/bng|/flash-1,tattoo,black-and-grey,/bng:14|/flash-1:21,IMG_3146.jpeg,3024x4032,IMG_3146.jpeg,,unique/no-known-duplicate,,,tat-bng-014-img-3146.jpeg,confirmation-required,publicly-fetchable-copy-to-controlled-host,"Exact same source URL also appears on `/flash-1` (URL-level overlap, not a second asset). Legacy alt is the filename; do not promote it to a subject label."
TAT-BNG-015,https://images.squarespace-cdn.com/content/v1/65979327ceca8e3c423a32ea/1736318158385-EM6RYVW5S9UJCQ1271Q7/IMG_2668.jpeg,/bng|/flash-1,tattoo,black-and-grey,/bng:15|/flash-1:23,IMG_2668.jpeg,3024x4032,IMG_2668.jpeg,,unique/no-known-duplicate,,,tat-bng-015-img-2668.jpeg,confirmation-required,publicly-fetchable-copy-to-controlled-host,"Exact same source URL also appears on `/flash-1` (URL-level overlap, not a second asset). Legacy alt is the filename; do not promote it to a subject label."
TAT-BNG-016,https://images.squarespace-cdn.com/content/v1/65979327ceca8e3c423a32ea/1736318169765-6H19XNLO83GBGZ8M7OY3/IMG_0075.jpeg,/bng|/flash-1,tattoo,black-and-grey,/bng:16|/flash-1:25,IMG_0075.jpeg,3024x4032,IMG_0075.jpeg,,unique/no-known-duplicate,,,tat-bng-016-img-0075.jpeg,confirmation-required,publicly-fetchable-copy-to-controlled-host,"Exact same source URL also appears on `/flash-1` (URL-level overlap, not a second asset). Legacy alt is the filename; do not promote it to a subject label."
TAT-BNG-017,https://images.squarespace-cdn.com/content/v1/65979327ceca8e3c423a32ea/1736318173100-HHUCWP0NIY1UVM32G9ZZ/IMG_7869.jpeg,/bng|/flash-1,tattoo,black-and-grey,/bng:17|/flash-1:27,IMG_7869.jpeg,3024x4032,IMG_7869.jpeg,,unique/no-known-duplicate,,,tat-bng-017-img-7869.jpeg,confirmation-required,publicly-fetchable-copy-to-controlled-host,"Exact same source URL also appears on `/flash-1` (URL-level overlap, not a second asset). Legacy alt is the filename; do not promote it to a subject label."
TAT-BNG-018,https://images.squarespace-cdn.com/content/v1/65979327ceca8e3c423a32ea/1736318181957-NR0UPK0BHVIVY4VUC6GJ/508DD398-6254-4594-96A4-C89201F61958.jpeg,/bng|/flash-1,tattoo,black-and-grey,/bng:18|/flash-1:28,508DD398-6254-4594-96A4-C89201F61958.jpeg,3024x3780,508DD398-6254-4594-96A4-C89201F61958.jpeg,,unique/no-known-duplicate,,,tat-bng-018-508dd398-6254-4594-96a4-c89201f61958.jpeg,confirmation-required,publicly-fetchable-copy-to-controlled-host,"Exact same source URL also appears on `/flash-1` (URL-level overlap, not a second asset). Legacy alt is the filename; do not promote it to a subject label."
TAT-BNG-019,https://images.squarespace-cdn.com/content/v1/65979327ceca8e3c423a32ea/1736318191296-5I66X4DESOXNC3LKPJKF/IMG_7020.jpeg,/bng|/flash-1,tattoo,black-and-grey,/bng:19|/flash-1:30,IMG_7020.jpeg,3024x4032,IMG_7020.jpeg,,unique/no-known-duplicate,,,tat-bng-019-img-7020.jpeg,confirmation-required,publicly-fetchable-copy-to-controlled-host,"Exact same source URL also appears on `/flash-1` (URL-level overlap, not a second asset). Legacy alt is the filename; do not promote it to a subject label."
TAT-BNG-020,https://images.squarespace-cdn.com/content/v1/65979327ceca8e3c423a32ea/1736318193134-FY6MH4SCF1888SSIB5EK/IMG_6399.jpeg,/bng|/flash-1,tattoo,black-and-grey,/bng:20|/flash-1:31,IMG_6399.jpeg,3024x4032,IMG_6399.jpeg,,unique/no-known-duplicate,,,tat-bng-020-img-6399.jpeg,confirmation-required,publicly-fetchable-copy-to-controlled-host,"Exact same source URL also appears on `/flash-1` (URL-level overlap, not a second asset). Legacy alt is the filename; do not promote it to a subject label."
TAT-BNG-021,https://images.squarespace-cdn.com/content/v1/65979327ceca8e3c423a32ea/1736318200375-TO2BCZC0IV6AKNZ2DO1P/IMG_6026.jpeg,/bng|/flash-1,tattoo,black-and-grey,/bng:21|/flash-1:32,IMG_6026.jpeg,3024x4032,IMG_6026.jpeg,,unique/no-known-duplicate,,,tat-bng-021-img-6026.jpeg,confirmation-required,publicly-fetchable-copy-to-controlled-host,"Exact same source URL also appears on `/flash-1` (URL-level overlap, not a second asset). Legacy alt is the filename; do not promote it to a subject label."
TAT-BNG-022,https://images.squarespace-cdn.com/content/v1/65979327ceca8e3c423a32ea/1736318204266-LGMZ46P0ND810MP9YJHO/IMG_5915.jpeg,/bng|/flash-1,tattoo,black-and-grey,/bng:22|/flash-1:33,IMG_5915.jpeg,3024x4032,IMG_5915.jpeg,,unique/no-known-duplicate,,,tat-bng-022-img-5915.jpeg,confirmation-required,publicly-fetchable-copy-to-controlled-host,"Exact same source URL also appears on `/flash-1` (URL-level overlap, not a second asset). Legacy alt is the filename; do not promote it to a subject label."
TAT-BNG-023,https://images.squarespace-cdn.com/content/v1/65979327ceca8e3c423a32ea/1736318207801-3536VRW6Z47CUTY2CB1Q/FullSizeRender.jpeg,/bng|/flash-1,tattoo,black-and-grey,/bng:23|/flash-1:34,FullSizeRender.jpeg,3024x4032,FullSizeRender.jpeg,,unique/no-known-duplicate,,,tat-bng-023-fullsizerender.jpeg,confirmation-required,publicly-fetchable-copy-to-controlled-host,"Exact same source URL also appears on `/flash-1` (URL-level overlap, not a second asset). Legacy alt is the filename; do not promote it to a subject label."
TAT-BNG-024,https://images.squarespace-cdn.com/content/v1/65979327ceca8e3c423a32ea/1736318211189-91ODUUTVKBW56QV69IQA/IMG_4747.jpeg,/bng|/flash-1,tattoo,black-and-grey,/bng:24|/flash-1:35,IMG_4747.jpeg,3024x4032,IMG_4747.jpeg,,unique/no-known-duplicate,,,tat-bng-024-img-4747.jpeg,confirmation-required,publicly-fetchable-copy-to-controlled-host,"Exact same source URL also appears on `/flash-1` (URL-level overlap, not a second asset). Legacy alt is the filename; do not promote it to a subject label."
TAT-BNG-025,https://images.squarespace-cdn.com/content/v1/65979327ceca8e3c423a32ea/1767058587853-U5G4M02PMFMSQQCAI1QT/IMG_7005.jpeg,/bng,tattoo,black-and-grey,/bng:25,IMG_7005.jpeg,4284x5712,IMG_7005.jpeg,,unique/no-known-duplicate,,,tat-bng-025-img-7005.jpeg,confirmation-required,publicly-fetchable-copy-to-controlled-host,Legacy alt is the filename; do not promote it to a subject label.
TAT-BNG-026,https://images.squarespace-cdn.com/content/v1/65979327ceca8e3c423a32ea/1767058603049-OPKZS0VCFGMUOE6O6DVV/5855E57C-2266-495B-A227-6EE429DCC7F1.jpeg,/bng,tattoo,black-and-grey,/bng:26,5855E57C-2266-495B-A227-6EE429DCC7F1.jpeg,4096x4096,5855E57C-2266-495B-A227-6EE429DCC7F1.jpeg,,unique/no-known-duplicate,,,tat-bng-026-5855e57c-2266-495b-a227-6ee429dcc7f1.jpeg,confirmation-required,publicly-fetchable-copy-to-controlled-host,Legacy alt is the filename; do not promote it to a subject label.
TAT-BNG-027,https://images.squarespace-cdn.com/content/v1/65979327ceca8e3c423a32ea/1767058605849-LXSA0JDJAKD0NI22NIRN/IMG_6546.jpeg,/bng,tattoo,black-and-grey,/bng:27,IMG_6546.jpeg,4284x5712,IMG_6546.jpeg,,unique/no-known-duplicate,,,tat-bng-027-img-6546.jpeg,confirmation-required,publicly-fetchable-copy-to-controlled-host,Legacy alt is the filename; do not promote it to a subject label.
TAT-BNG-028,https://images.squarespace-cdn.com/content/v1/65979327ceca8e3c423a32ea/1767058609655-YNBLR5NR9S3J2U5W8STJ/IMG_6544.jpeg,/bng,tattoo,black-and-grey,/bng:28,IMG_6544.jpeg,4284x5712,IMG_6544.jpeg,,unique/no-known-duplicate,,,tat-bng-028-img-6544.jpeg,confirmation-required,publicly-fetchable-copy-to-controlled-host,Legacy alt is the filename; do not promote it to a subject label.
TAT-BNG-029,https://images.squarespace-cdn.com/content/v1/65979327ceca8e3c423a32ea/1767058613086-4SBJH9KWJEW020671Y58/IMG_6535.jpeg,/bng,tattoo,black-and-grey,/bng:29,IMG_6535.jpeg,4284x5712,IMG_6535.jpeg,,unique/no-known-duplicate,,,tat-bng-029-img-6535.jpeg,confirmation-required,publicly-fetchable-copy-to-controlled-host,Legacy alt is the filename; do not promote it to a subject label.
TAT-BNG-030,https://images.squarespace-cdn.com/content/v1/65979327ceca8e3c423a32ea/1767058616861-VWOUQJXCRLCKE0QJJ1JB/IMG_6530.jpeg,/bng,tattoo,black-and-grey,/bng:30,IMG_6530.jpeg,4284x5712,IMG_6530.jpeg,BNG-SNAKE-BACK-04-30,contextual-view; confidence=high; visual-only,,,tat-bng-030-img-6530.jpeg,confirmation-required,publicly-fetchable-copy-to-controlled-host,"Legacy alt is the filename; do not promote it to a subject label. Work group BNG-SNAKE-BACK-04-30: Same snake back tattoo, alternate/contextual views. B30 is a later Squarespace upload batch than B04. Interpreted as the pair B04 and B30 because an inclusive B04-through-B30 range would absorb B09-B10, which the closer separately identified as a head tattoo."
TAT-BNG-031,https://images.squarespace-cdn.com/content/v1/65979327ceca8e3c423a32ea/1767058620656-Z1B803LQP0YYK0P3PS98/IMG_6414.jpeg,/bng,tattoo,black-and-grey,/bng:31,IMG_6414.jpeg,4284x5712,IMG_6414.jpeg,,unique/no-known-duplicate,,,tat-bng-031-img-6414.jpeg,confirmation-required,publicly-fetchable-copy-to-controlled-host,Legacy alt is the filename; do not promote it to a subject label.
TAT-AGG-001,https://images.squarespace-cdn.com/content/v1/65979327ceca8e3c423a32ea/1736318071791-KUTXB2FBQEGXO93L50JF/IMG_1919.jpeg,/flash-1,tattoo,aggregate-only,/flash-1:5,IMG_1919.jpeg,4284x5712,IMG_1919.jpeg,,unique/no-known-duplicate,,,tat-agg-001-img-1919.jpeg,confirmation-required,publicly-fetchable-copy-to-controlled-host,Legacy alt is the filename; do not promote it to a subject label.
TAT-AGG-002,https://images.squarespace-cdn.com/content/v1/65979327ceca8e3c423a32ea/1736318081750-450G2NG1Q5QD2FHY0LAQ/IMG_0415.jpeg,/flash-1,tattoo,aggregate-only,/flash-1:8,IMG_0415.jpeg,3024x4032,IMG_0415.jpeg,,unique/no-known-duplicate,,,tat-agg-002-img-0415.jpeg,confirmation-required,publicly-fetchable-copy-to-controlled-host,Legacy alt is the filename; do not promote it to a subject label.
TAT-AGG-003,https://images.squarespace-cdn.com/content/v1/65979327ceca8e3c423a32ea/1736318097384-MGRMV7YVIHXBTVOHJDEA/IMG_9857.jpeg,/flash-1,tattoo,aggregate-only,/flash-1:10,IMG_9857.jpeg,4284x5712,IMG_9857.jpeg,,unique/no-known-duplicate,,,tat-agg-003-img-9857.jpeg,confirmation-required,publicly-fetchable-copy-to-controlled-host,Legacy alt is the filename; do not promote it to a subject label.
TAT-AGG-004,https://images.squarespace-cdn.com/content/v1/65979327ceca8e3c423a32ea/1736318155053-I1HFRNP6XZSGQGO5AXU3/IMG_2821.jpeg,/flash-1,tattoo,aggregate-only,/flash-1:22,IMG_2821.jpeg,3024x4032,IMG_2821.jpeg,,unique/no-known-duplicate,,,tat-agg-004-img-2821.jpeg,confirmation-required,publicly-fetchable-copy-to-controlled-host,Legacy alt is the filename; do not promote it to a subject label.
FLA-001,https://images.squarespace-cdn.com/content/v1/65979327ceca8e3c423a32ea/1709265616654-5AW9ZP2424HXDN20XC2I/dylan+prorok+las+vegas+irezumi+japaenese+tattoo+art+original+flash+1.jpg,/flash,flash,flash-sheet,/flash:1,dylan prorok las vegas irezumi japaenese tattoo art original flash 1.jpg,1080x1350,Custom original Japanese tattoo flash Las Vegas,,unique/no-known-duplicate,,,fla-001-flash-sheet-1.jpg,confirmation-required,publicly-fetchable-copy-to-controlled-host,Legacy alt is the generic repeated flash label.
FLA-002,https://images.squarespace-cdn.com/content/v1/65979327ceca8e3c423a32ea/1709265616716-YGWQMPP484KBYUW6SZ0R/dylan+prorok+las+vegas+irezumi+japaenese+tattoo+art+original+flash+2.jpg,/flash,flash,flash-sheet,/flash:2,dylan prorok las vegas irezumi japaenese tattoo art original flash 2.jpg,1080x1350,Custom original Japanese tattoo flash Las Vegas,,unique/no-known-duplicate,,,fla-002-flash-sheet-2.jpg,confirmation-required,publicly-fetchable-copy-to-controlled-host,Legacy alt is the generic repeated flash label.
FLA-003,https://images.squarespace-cdn.com/content/v1/65979327ceca8e3c423a32ea/1709265617629-JOIQOQS3MRIOAONH2HUU/dylan+prorok+las+vegas+irezumi+japaenese+tattoo+art+original+flash+3.jpg,/flash,flash,flash-sheet,/flash:3,dylan prorok las vegas irezumi japaenese tattoo art original flash 3.jpg,1080x1350,Custom original Japanese tattoo flash Las Vegas,,unique/no-known-duplicate,,,fla-003-flash-sheet-3.jpg,confirmation-required,publicly-fetchable-copy-to-controlled-host,Legacy alt is the generic repeated flash label.
FLA-004,https://images.squarespace-cdn.com/content/v1/65979327ceca8e3c423a32ea/1709265617723-P7KG77XE01X5PNI1U86M/dylan+prorok+las+vegas+irezumi+japaenese+tattoo+art+original+flash+4.jpg,/flash,flash,flash-sheet,/flash:4,dylan prorok las vegas irezumi japaenese tattoo art original flash 4.jpg,1080x1350,Custom original Japanese tattoo flash Las Vegas,,unique/no-known-duplicate,,,fla-004-flash-sheet-4.jpg,confirmation-required,publicly-fetchable-copy-to-controlled-host,Legacy alt is the generic repeated flash label.
FLA-005,https://images.squarespace-cdn.com/content/v1/65979327ceca8e3c423a32ea/1709265618562-VHOWBFFKTBZ8LJS31DHD/dylan+prorok+las+vegas+irezumi+japaenese+tattoo+art+original+flash+5.jpg,/flash,flash,flash-sheet,/flash:5,dylan prorok las vegas irezumi japaenese tattoo art original flash 5.jpg,1080x1350,Custom original Japanese tattoo flash Las Vegas,,unique/no-known-duplicate,,,fla-005-flash-sheet-5.jpg,confirmation-required,publicly-fetchable-copy-to-controlled-host,Legacy alt is the generic repeated flash label.
FLA-006,https://images.squarespace-cdn.com/content/v1/65979327ceca8e3c423a32ea/1709265618790-HCP8FQ2IYR8DH55CUJ9M/dylan+prorok+las+vegas+irezumi+japaenese+tattoo+art+original+flash+6.jpg,/flash,flash,flash-sheet,/flash:6,dylan prorok las vegas irezumi japaenese tattoo art original flash 6.jpg,1080x1350,Custom original Japanese tattoo flash Las Vegas,,unique/no-known-duplicate,,,fla-006-flash-sheet-6.jpg,confirmation-required,publicly-fetchable-copy-to-controlled-host,Legacy alt is the generic repeated flash label.
FLA-007,https://images.squarespace-cdn.com/content/v1/65979327ceca8e3c423a32ea/1709265619411-G41AI0VTAONIUQFAUKIN/dylan+prorok+las+vegas+irezumi+japaenese+tattoo+art+original+flash+7.jpg,/flash,flash,flash-sheet,/flash:7,dylan prorok las vegas irezumi japaenese tattoo art original flash 7.jpg,1080x1350,Custom original Japanese tattoo flash Las Vegas,FLA-SHEET-07-11,canonical; confidence=high; visual-only,,,fla-007-flash-sheet-7.jpg,confirmation-required,publicly-fetchable-copy-to-controlled-host,"Legacy alt is the generic repeated flash label. Work group FLA-SHEET-07-11: Exact depicted-sheet repeat via different source URLs, not a repeated URL."
FLA-008,https://images.squarespace-cdn.com/content/v1/65979327ceca8e3c423a32ea/1709265619696-KLDNWOM8U5EVWSGCN2FH/dylan+prorok+las+vegas+irezumi+japaenese+tattoo+art+original+flash+8.jpg,/flash,flash,flash-sheet,/flash:8,dylan prorok las vegas irezumi japaenese tattoo art original flash 8.jpg,1080x1350,Custom original Japanese tattoo flash Las Vegas,FLA-SHEET-08-14,canonical; confidence=high; visual-only,,,fla-008-flash-sheet-8.jpg,confirmation-required,publicly-fetchable-copy-to-controlled-host,"Legacy alt is the generic repeated flash label. Work group FLA-SHEET-08-14: Exact depicted-sheet repeat via different source URLs, not a repeated URL."
FLA-009,https://images.squarespace-cdn.com/content/v1/65979327ceca8e3c423a32ea/1709265620183-H59ZYNJVIUUVJSQVGK12/dylan+prorok+las+vegas+irezumi+japaenese+tattoo+art+original+flash+9.jpg,/flash,flash,flash-sheet,/flash:9,dylan prorok las vegas irezumi japaenese tattoo art original flash 9.jpg,1080x1350,Custom original Japanese tattoo flash Las Vegas,,unique/no-known-duplicate,,,fla-009-flash-sheet-9.jpg,confirmation-required,publicly-fetchable-copy-to-controlled-host,Legacy alt is the generic repeated flash label.
FLA-010,https://images.squarespace-cdn.com/content/v1/65979327ceca8e3c423a32ea/1709265620467-VXHWAJO89NBFTQGFAWSR/dylan+prorok+las+vegas+irezumi+japaenese+tattoo+art+original+flash+10.jpg,/flash,flash,flash-sheet,/flash:10,dylan prorok las vegas irezumi japaenese tattoo art original flash 10.jpg,1080x1350,Custom original Japanese tattoo flash Las Vegas,,unique/no-known-duplicate,,,fla-010-flash-sheet-10.jpg,confirmation-required,publicly-fetchable-copy-to-controlled-host,Legacy alt is the generic repeated flash label.
FLA-011,https://images.squarespace-cdn.com/content/v1/65979327ceca8e3c423a32ea/1709265621040-DT3INL1O2F2XKE2EXRFP/dylan+prorok+las+vegas+irezumi+japaenese+tattoo+art+original+flash+11.jpg,/flash,flash,flash-sheet,/flash:11,dylan prorok las vegas irezumi japaenese tattoo art original flash 11.jpg,1080x1350,Custom original Japanese tattoo flash Las Vegas,FLA-SHEET-07-11,alternate-view; confidence=high; visual-only; exact-depicted-sheet-repeat,,,fla-011-flash-sheet-11.jpg,confirmation-required,publicly-fetchable-copy-to-controlled-host,"Legacy alt is the generic repeated flash label. Work group FLA-SHEET-07-11: Exact depicted-sheet repeat via different source URLs, not a repeated URL."
FLA-012,https://images.squarespace-cdn.com/content/v1/65979327ceca8e3c423a32ea/1709265621312-J89T6AOQK9TQ8P4OUDH7/dylan+prorok+las+vegas+irezumi+japaenese+tattoo+art+original+flash+12.jpg,/flash,flash,flash-sheet,/flash:12,dylan prorok las vegas irezumi japaenese tattoo art original flash 12.jpg,1080x1350,Custom original Japanese tattoo flash Las Vegas,,unique/no-known-duplicate,,,fla-012-flash-sheet-12.jpg,confirmation-required,publicly-fetchable-copy-to-controlled-host,Legacy alt is the generic repeated flash label.
FLA-013,https://images.squarespace-cdn.com/content/v1/65979327ceca8e3c423a32ea/1709265621912-4IC69ENDJM0UQO151OVX/dylan+prorok+las+vegas+irezumi+japaenese+tattoo+art+original+flash+13.jpg,/flash,flash,flash-sheet,/flash:13,dylan prorok las vegas irezumi japaenese tattoo art original flash 13.jpg,1080x1350,Custom original Japanese tattoo flash Las Vegas,,unique/no-known-duplicate,,,fla-013-flash-sheet-13.jpg,confirmation-required,publicly-fetchable-copy-to-controlled-host,Legacy alt is the generic repeated flash label.
FLA-014,https://images.squarespace-cdn.com/content/v1/65979327ceca8e3c423a32ea/1709265622293-AON9K1XFCKRZAV8DTQM0/dylan+prorok+las+vegas+irezumi+japaenese+tattoo+art+original+flash+14.jpg,/flash,flash,flash-sheet,/flash:14,dylan prorok las vegas irezumi japaenese tattoo art original flash 14.jpg,1080x1350,Custom original Japanese tattoo flash Las Vegas,FLA-SHEET-08-14,alternate-view; confidence=high; visual-only; exact-depicted-sheet-repeat,,,fla-014-flash-sheet-14.jpg,confirmation-required,publicly-fetchable-copy-to-controlled-host,"Legacy alt is the generic repeated flash label. Work group FLA-SHEET-08-14: Exact depicted-sheet repeat via different source URLs, not a repeated URL."
FLA-015,https://images.squarespace-cdn.com/content/v1/65979327ceca8e3c423a32ea/1728517439144-RHHYMDP7FK5RBC21QX5L/IMG_8073.jpeg,/flash,flash,flash-sheet,/flash:15,IMG_8073.jpeg,4284x5712,Custom original Japanese tattoo flash Las Vegas,,unique/no-known-duplicate,,,fla-015-img-8073.jpeg,confirmation-required,publicly-fetchable-copy-to-controlled-host,Legacy alt is the generic repeated flash label.
FLA-016,https://images.squarespace-cdn.com/content/v1/65979327ceca8e3c423a32ea/1728517431520-KZT2NXD1HFF41CD6BQ6B/6D3A2AA6-6DD4-4401-A2CE-39DAF6F0F6B4.jpeg,/flash,flash,flash-sheet,/flash:16,6D3A2AA6-6DD4-4401-A2CE-39DAF6F0F6B4.jpeg,1440x1800,Custom original Japanese tattoo flash Las Vegas,,unique/no-known-duplicate,,,fla-016-6d3a2aa6-6dd4-4401-a2ce-39daf6f0f6b4.jpeg,confirmation-required,publicly-fetchable-copy-to-controlled-host,Legacy alt is the generic repeated flash label.
FLA-017,https://images.squarespace-cdn.com/content/v1/65979327ceca8e3c423a32ea/1728517442442-4A7TRH3NSMWHDXH8KTM1/IMG_7890.jpeg,/flash,flash,flash-sheet,/flash:17,IMG_7890.jpeg,4284x5712,Custom original Japanese tattoo flash Las Vegas,,unique/no-known-duplicate,,,fla-017-img-7890.jpeg,confirmation-required,publicly-fetchable-copy-to-controlled-host,Legacy alt is the generic repeated flash label.
FLA-018,https://images.squarespace-cdn.com/content/v1/65979327ceca8e3c423a32ea/1728517943398-RNTBF4D2BXCKQ3M4PUM5/IMG_9060.jpeg,/flash,flash,flash-sheet,/flash:18,IMG_9060.jpeg,4284x5712,Custom original Japanese tattoo flash Las Vegas,,unique/no-known-duplicate,,,fla-018-img-9060.jpeg,confirmation-required,publicly-fetchable-copy-to-controlled-host,Legacy alt is the generic repeated flash label.
FLA-019,https://images.squarespace-cdn.com/content/v1/65979327ceca8e3c423a32ea/1728518367397-QQPOZFXE872U0YVYBYJF/IMG_6564.jpeg,/flash,flash,flash-sheet,/flash:19,IMG_6564.jpeg,3024x4032,Custom original Japanese tattoo flash Las Vegas,CROSS-F19-A07-A30,alternate-view; confidence=high; visual-only; cross-category,,,fla-019-img-6564.jpeg,confirmation-required,publicly-fetchable-copy-to-controlled-host,Legacy alt is the generic repeated flash label. Work group CROSS-F19-A07-A30: Flash F19 and art A07/A30 depict the same artwork across categories. A07-A30 also reviewed as the same work.
FLA-020,https://images.squarespace-cdn.com/content/v1/65979327ceca8e3c423a32ea/1728518367808-AKJHR58IGI9D1A8ZZB49/IMG_1726.png,/flash,flash,flash-sheet,/flash:20,IMG_1726.png,2400x3000,Custom original Japanese tattoo flash Las Vegas,,unique/no-known-duplicate,,,fla-020-img-1726.png,confirmation-required,publicly-fetchable-copy-to-controlled-host,Legacy alt is the generic repeated flash label.
ART-001,https://images.squarespace-cdn.com/content/v1/65979327ceca8e3c423a32ea/1709266259445-GJ0CBGY2B3PSL2XHHPUN/dylon+prorok+original+art+las+vegas+nevada+-01.jpg,/art,art,painting-or-illustration-or-mural,/art:1,dylon prorok original art las vegas nevada -01.jpg,1000x1500,Las Vegas Japanese fine artist professional muralist tattoo artist,,unique/no-known-duplicate,,,art-001-original-art-01.jpg,confirmation-required,publicly-fetchable-copy-to-controlled-host,Legacy alt is the generic repeated art/muralist label. Subcategory is left unsplit because the page does not distinguish painting from mural.
ART-002,https://images.squarespace-cdn.com/content/v1/65979327ceca8e3c423a32ea/1709266259587-2MY89HF0PM8UQIOXCQKG/dylon+prorok+original+art+las+vegas+nevada+-02.jpg,/art,art,painting-or-illustration-or-mural,/art:2,dylon prorok original art las vegas nevada -02.jpg,1200x1500,Las Vegas Japanese fine artist professional muralist tattoo artist,ART-CTX-02-12,canonical; confidence=low; visual-only,,,art-002-original-art-02.jpg,confirmation-required,publicly-fetchable-copy-to-controlled-host,"Legacy alt is the generic repeated art/muralist label. Subcategory is left unsplit because the page does not distinguish painting from mural. Work group ART-CTX-02-12: Likely the same work/context. Recorded as the pair ART-002 and ART-012, not ART-003 through ART-011. Generic repeated art alts do not prove identity. A07 remains in CROSS-F19-A07-A30."
ART-003,https://images.squarespace-cdn.com/content/v1/65979327ceca8e3c423a32ea/1709266261263-NEA7XM3ZQOBPH7IY10XB/dylon+prorok+original+art+las+vegas+nevada+-03.jpg,/art,art,painting-or-illustration-or-mural,/art:3,dylon prorok original art las vegas nevada -03.jpg,1200x1500,Las Vegas Japanese fine artist professional muralist tattoo artist,,unique/no-known-duplicate,,,art-003-original-art-03.jpg,confirmation-required,publicly-fetchable-copy-to-controlled-host,Legacy alt is the generic repeated art/muralist label. Subcategory is left unsplit because the page does not distinguish painting from mural.
ART-004,https://images.squarespace-cdn.com/content/v1/65979327ceca8e3c423a32ea/1709266261627-R1P9S5I554XS730VNBOS/dylon+prorok+original+art+las+vegas+nevada+-04.jpg,/art,art,painting-or-illustration-or-mural,/art:4,dylon prorok original art las vegas nevada -04.jpg,1200x1500,Las Vegas Japanese fine artist professional muralist tattoo artist,,unique/no-known-duplicate,,,art-004-original-art-04.jpg,confirmation-required,publicly-fetchable-copy-to-controlled-host,Legacy alt is the generic repeated art/muralist label. Subcategory is left unsplit because the page does not distinguish painting from mural.
ART-005,https://images.squarespace-cdn.com/content/v1/65979327ceca8e3c423a32ea/1709266262808-5JQ224PFJMC5HJ0J3SFH/dylon+prorok+original+art+las+vegas+nevada+-05.jpg,/art,art,painting-or-illustration-or-mural,/art:5,dylon prorok original art las vegas nevada -05.jpg,1500x1127,Las Vegas Japanese fine artist professional muralist tattoo artist,,unique/no-known-duplicate,,,art-005-original-art-05.jpg,confirmation-required,publicly-fetchable-copy-to-controlled-host,Legacy alt is the generic repeated art/muralist label. Subcategory is left unsplit because the page does not distinguish painting from mural.
ART-006,https://images.squarespace-cdn.com/content/v1/65979327ceca8e3c423a32ea/1728519909690-050SR5561A50LG519DYS/dylon%2Bprorok%2Boriginal%2Bart%2Blas%2Bvegas%2Bnevada%2B-06.jpg,/art,art,painting-or-illustration-or-mural,/art:6,dylon prorok original art las vegas nevada -06.jpg,1139x1500,Las Vegas Japanese fine artist professional muralist tattoo artist,,unique/no-known-duplicate,,,art-006-original-art-06.jpg,confirmation-required,publicly-fetchable-copy-to-controlled-host,Legacy alt is the generic repeated art/muralist label. Subcategory is left unsplit because the page does not distinguish painting from mural.
ART-007,https://images.squarespace-cdn.com/content/v1/65979327ceca8e3c423a32ea/1709266264543-V09ORN8T6D3ANC8A940H/dylon+prorok+original+art+las+vegas+nevada+-07.jpg,/art,art,painting-or-illustration-or-mural,/art:7,dylon prorok original art las vegas nevada -07.jpg,1125x1500,Las Vegas Japanese fine artist professional muralist tattoo artist,CROSS-F19-A07-A30,canonical; confidence=high; visual-only; cross-category,,,art-007-original-art-07.jpg,confirmation-required,publicly-fetchable-copy-to-controlled-host,Legacy alt is the generic repeated art/muralist label. Subcategory is left unsplit because the page does not distinguish painting from mural. Work group CROSS-F19-A07-A30: Flash F19 and art A07/A30 depict the same artwork across categories. A07-A30 also reviewed as the same work.
ART-008,https://images.squarespace-cdn.com/content/v1/65979327ceca8e3c423a32ea/1709266264971-DAJNYAIHXKWPFBT37D3K/dylon+prorok+original+art+las+vegas+nevada+-08.jpg,/art,art,painting-or-illustration-or-mural,/art:8,dylon prorok original art las vegas nevada -08.jpg,1125x1500,Las Vegas Japanese fine artist professional muralist tattoo artist,,unique/no-known-duplicate,,,art-008-original-art-08.jpg,confirmation-required,publicly-fetchable-copy-to-controlled-host,Legacy alt is the generic repeated art/muralist label. Subcategory is left unsplit because the page does not distinguish painting from mural.
ART-009,https://images.squarespace-cdn.com/content/v1/65979327ceca8e3c423a32ea/1709266265958-03V0XFRJECQMJL1330UB/dylon+prorok+original+art+las+vegas+nevada+-09.jpg,/art,art,painting-or-illustration-or-mural,/art:9,dylon prorok original art las vegas nevada -09.jpg,1125x1500,Las Vegas Japanese fine artist professional muralist tattoo artist,,unique/no-known-duplicate,,,art-009-original-art-09.jpg,confirmation-required,publicly-fetchable-copy-to-controlled-host,Legacy alt is the generic repeated art/muralist label. Subcategory is left unsplit because the page does not distinguish painting from mural.
ART-010,https://images.squarespace-cdn.com/content/v1/65979327ceca8e3c423a32ea/1709266266662-K6AKFEMEUC4LHEVXZ3XQ/dylon+prorok+original+art+las+vegas+nevada+-10.jpg,/art,art,painting-or-illustration-or-mural,/art:10,dylon prorok original art las vegas nevada -10.jpg,1125x1500,Las Vegas Japanese fine artist professional muralist tattoo artist,,unique/no-known-duplicate,,,art-010-original-art-10.jpg,confirmation-required,publicly-fetchable-copy-to-controlled-host,Legacy alt is the generic repeated art/muralist label. Subcategory is left unsplit because the page does not distinguish painting from mural.
ART-011,https://images.squarespace-cdn.com/content/v1/65979327ceca8e3c423a32ea/1709266267703-CJHBU9B4B7O793Y2QC2D/dylon+prorok+original+art+las+vegas+nevada+-11.jpg,/art,art,painting-or-illustration-or-mural,/art:11,dylon prorok original art las vegas nevada -11.jpg,1125x1500,Las Vegas Japanese fine artist professional muralist tattoo artist,,unique/no-known-duplicate,,,art-011-original-art-11.jpg,confirmation-required,publicly-fetchable-copy-to-controlled-host,Legacy alt is the generic repeated art/muralist label. Subcategory is left unsplit because the page does not distinguish painting from mural.
ART-012,https://images.squarespace-cdn.com/content/v1/65979327ceca8e3c423a32ea/1709266268239-T20QBJDWNBJ4K10NSJCG/dylon+prorok+original+art+las+vegas+nevada+-12.jpg,/art,art,painting-or-illustration-or-mural,/art:12,dylon prorok original art las vegas nevada -12.jpg,1125x1500,Las Vegas Japanese fine artist professional muralist tattoo artist,ART-CTX-02-12,likely-same-work; confidence=low; visual-only,,,art-012-original-art-12.jpg,confirmation-required,publicly-fetchable-copy-to-controlled-host,"Legacy alt is the generic repeated art/muralist label. Subcategory is left unsplit because the page does not distinguish painting from mural. Work group ART-CTX-02-12: Likely the same work/context. Recorded as the pair ART-002 and ART-012, not ART-003 through ART-011. Generic repeated art alts do not prove identity. A07 remains in CROSS-F19-A07-A30."
ART-013,https://images.squarespace-cdn.com/content/v1/65979327ceca8e3c423a32ea/1709266269091-COW44MMO2GOT0YYSW9WD/dylon+prorok+original+art+las+vegas+nevada+-13.jpg,/art,art,painting-or-illustration-or-mural,/art:13,dylon prorok original art las vegas nevada -13.jpg,1125x1500,Las Vegas Japanese fine artist professional muralist tattoo artist,,unique/no-known-duplicate,,,art-013-original-art-13.jpg,confirmation-required,publicly-fetchable-copy-to-controlled-host,Legacy alt is the generic repeated art/muralist label. Subcategory is left unsplit because the page does not distinguish painting from mural.
ART-014,https://images.squarespace-cdn.com/content/v1/65979327ceca8e3c423a32ea/1709266269747-MHWSLEO58XAETSQKE7G8/dylon+prorok+original+art+las+vegas+nevada+-14.jpg,/art,art,painting-or-illustration-or-mural,/art:14,dylon prorok original art las vegas nevada -14.jpg,1125x1500,Las Vegas Japanese fine artist professional muralist tattoo artist,,unique/no-known-duplicate,,,art-014-original-art-14.jpg,confirmation-required,publicly-fetchable-copy-to-controlled-host,Legacy alt is the generic repeated art/muralist label. Subcategory is left unsplit because the page does not distinguish painting from mural.
ART-015,https://images.squarespace-cdn.com/content/v1/65979327ceca8e3c423a32ea/1709266270526-7H2DD4TKUM5S0KSP6N8F/dylon+prorok+original+art+las+vegas+nevada+-15.jpg,/art,art,painting-or-illustration-or-mural,/art:15,dylon prorok original art las vegas nevada -15.jpg,1500x1052,Las Vegas Japanese fine artist professional muralist tattoo artist,,unique/no-known-duplicate,,,art-015-original-art-15.jpg,confirmation-required,publicly-fetchable-copy-to-controlled-host,Legacy alt is the generic repeated art/muralist label. Subcategory is left unsplit because the page does not distinguish painting from mural.
ART-016,https://images.squarespace-cdn.com/content/v1/65979327ceca8e3c423a32ea/1709266270742-U94QVF0M02C62VJAKO6G/dylon+prorok+original+art+las+vegas+nevada+-16.jpg,/art,art,painting-or-illustration-or-mural,/art:16,dylon prorok original art las vegas nevada -16.jpg,1500x1017,Las Vegas Japanese fine artist professional muralist tattoo artist,,unique/no-known-duplicate,,,art-016-original-art-16.jpg,confirmation-required,publicly-fetchable-copy-to-controlled-host,Legacy alt is the generic repeated art/muralist label. Subcategory is left unsplit because the page does not distinguish painting from mural.
ART-017,https://images.squarespace-cdn.com/content/v1/65979327ceca8e3c423a32ea/1709266271980-I2A1ERTOEALR9ZY5PFAV/dylon+prorok+original+art+las+vegas+nevada+-17.jpg,/art,art,painting-or-illustration-or-mural,/art:17,dylon prorok original art las vegas nevada -17.jpg,1125x1500,Las Vegas Japanese fine artist professional muralist tattoo artist,,unique/no-known-duplicate,,,art-017-original-art-17.jpg,confirmation-required,publicly-fetchable-copy-to-controlled-host,Legacy alt is the generic repeated art/muralist label. Subcategory is left unsplit because the page does not distinguish painting from mural.
ART-018,https://images.squarespace-cdn.com/content/v1/65979327ceca8e3c423a32ea/1709266272346-KIQZ2N95GY9UUZY8C35P/dylon+prorok+original+art+las+vegas+nevada+-18.jpg,/art,art,painting-or-illustration-or-mural,/art:18,dylon prorok original art las vegas nevada -18.jpg,1500x831,Las Vegas Japanese fine artist professional muralist tattoo artist,,unique/no-known-duplicate,,,art-018-original-art-18.jpg,confirmation-required,publicly-fetchable-copy-to-controlled-host,Legacy alt is the generic repeated art/muralist label. Subcategory is left unsplit because the page does not distinguish painting from mural.
ART-019,https://images.squarespace-cdn.com/content/v1/65979327ceca8e3c423a32ea/1709266273795-GB7P65E7T1VST4YCABBB/dylon+prorok+original+art+las+vegas+nevada+-19.jpg,/art,art,painting-or-illustration-or-mural,/art:19,dylon prorok original art las vegas nevada -19.jpg,1125x1500,Las Vegas Japanese fine artist professional muralist tattoo artist,,unique/no-known-duplicate,,,art-019-original-art-19.jpg,confirmation-required,publicly-fetchable-copy-to-controlled-host,Legacy alt is the generic repeated art/muralist label. Subcategory is left unsplit because the page does not distinguish painting from mural.
ART-020,https://images.squarespace-cdn.com/content/v1/65979327ceca8e3c423a32ea/1709266274300-FCTDHMKM3O6ESPID09ZJ/dylon+prorok+original+art+las+vegas+nevada+-20.jpg,/art,art,painting-or-illustration-or-mural,/art:20,dylon prorok original art las vegas nevada -20.jpg,1125x1500,Las Vegas Japanese fine artist professional muralist tattoo artist,ART-CTX-20-22,canonical; confidence=low; visual-only,,,art-020-original-art-20.jpg,confirmation-required,publicly-fetchable-copy-to-controlled-host,"Legacy alt is the generic repeated art/muralist label. Subcategory is left unsplit because the page does not distinguish painting from mural. Work group ART-CTX-20-22: Likely the same work/context. Recorded as the pair ART-020 and ART-022, not ART-021. Generic repeated art alts do not prove identity."
ART-021,https://images.squarespace-cdn.com/content/v1/65979327ceca8e3c423a32ea/1709266276539-5E2WVPMFIOR6AKQRHQAE/dylon+prorok+original+art+las+vegas+nevada+-21.jpg,/art,art,painting-or-illustration-or-mural,/art:21,dylon prorok original art las vegas nevada -21.jpg,1125x1500,Las Vegas Japanese fine artist professional muralist tattoo artist,,unique/no-known-duplicate,,,art-021-original-art-21.jpg,confirmation-required,publicly-fetchable-copy-to-controlled-host,Legacy alt is the generic repeated art/muralist label. Subcategory is left unsplit because the page does not distinguish painting from mural.
ART-022,https://images.squarespace-cdn.com/content/v1/65979327ceca8e3c423a32ea/1709266276511-9RLVSJU6L6IP40PRCJTO/dylon+prorok+original+art+las+vegas+nevada+-22.jpg,/art,art,painting-or-illustration-or-mural,/art:22,dylon prorok original art las vegas nevada -22.jpg,1125x1500,Las Vegas Japanese fine artist professional muralist tattoo artist,ART-CTX-20-22,likely-same-work; confidence=low; visual-only,,,art-022-original-art-22.jpg,confirmation-required,publicly-fetchable-copy-to-controlled-host,"Legacy alt is the generic repeated art/muralist label. Subcategory is left unsplit because the page does not distinguish painting from mural. Work group ART-CTX-20-22: Likely the same work/context. Recorded as the pair ART-020 and ART-022, not ART-021. Generic repeated art alts do not prove identity."
ART-023,https://images.squarespace-cdn.com/content/v1/65979327ceca8e3c423a32ea/1709266277713-VJUTFFQ4LLDB8OGGUPAC/dylon+prorok+original+art+las+vegas+nevada+-23.jpg,/art,art,painting-or-illustration-or-mural,/art:23,dylon prorok original art las vegas nevada -23.jpg,1125x1500,Las Vegas Japanese fine artist professional muralist tattoo artist,,unique/no-known-duplicate,,,art-023-original-art-23.jpg,confirmation-required,publicly-fetchable-copy-to-controlled-host,Legacy alt is the generic repeated art/muralist label. Subcategory is left unsplit because the page does not distinguish painting from mural.
ART-024,https://images.squarespace-cdn.com/content/v1/65979327ceca8e3c423a32ea/1728520818996-IUPBM1R4P74CGQ2S9L5S/IMG_9828.jpeg,/art,art,painting-or-illustration-or-mural,/art:24,IMG_9828.jpeg,4284x5712,Las Vegas Japanese fine artist professional muralist tattoo artist,,unique/no-known-duplicate,,,art-024-img-9828.jpeg,confirmation-required,publicly-fetchable-copy-to-controlled-host,Legacy alt is the generic repeated art/muralist label. Subcategory is left unsplit because the page does not distinguish painting from mural.
ART-025,https://images.squarespace-cdn.com/content/v1/65979327ceca8e3c423a32ea/1728520832201-LADMT1QJXLSKFS3VYD6T/IMG_9575.jpeg,/art,art,painting-or-illustration-or-mural,/art:25,IMG_9575.jpeg,4284x5712,Las Vegas Japanese fine artist professional muralist tattoo artist,,unique/no-known-duplicate,,,art-025-img-9575.jpeg,confirmation-required,publicly-fetchable-copy-to-controlled-host,Legacy alt is the generic repeated art/muralist label. Subcategory is left unsplit because the page does not distinguish painting from mural.
ART-026,https://images.squarespace-cdn.com/content/v1/65979327ceca8e3c423a32ea/1728520850996-S8IU7KF0XJCJQQ6Z8A2F/IMG_8494.png,/art,art,painting-or-illustration-or-mural,/art:26,IMG_8494.png,1179x2556,Las Vegas Japanese fine artist professional muralist tattoo artist,,unique/no-known-duplicate,,,art-026-img-8494.png,confirmation-required,publicly-fetchable-copy-to-controlled-host,Legacy alt is the generic repeated art/muralist label. Subcategory is left unsplit because the page does not distinguish painting from mural.
ART-027,https://images.squarespace-cdn.com/content/v1/65979327ceca8e3c423a32ea/1728520846786-FAYGBYGWP4BF6GL5250T/IMG_7427.jpeg,/art,art,painting-or-illustration-or-mural,/art:27,IMG_7427.jpeg,4284x5712,Las Vegas Japanese fine artist professional muralist tattoo artist,,unique/no-known-duplicate,,,art-027-img-7427.jpeg,confirmation-required,publicly-fetchable-copy-to-controlled-host,Legacy alt is the generic repeated art/muralist label. Subcategory is left unsplit because the page does not distinguish painting from mural.
ART-028,https://images.squarespace-cdn.com/content/v1/65979327ceca8e3c423a32ea/1728520856003-3B0IWTFDS9YPS4FSLVEJ/IMG_7070.jpeg,/art,art,painting-or-illustration-or-mural,/art:28,IMG_7070.jpeg,4284x5712,Las Vegas Japanese fine artist professional muralist tattoo artist,,unique/no-known-duplicate,,,art-028-img-7070.jpeg,confirmation-required,publicly-fetchable-copy-to-controlled-host,Legacy alt is the generic repeated art/muralist label. Subcategory is left unsplit because the page does not distinguish painting from mural.
ART-029,https://images.squarespace-cdn.com/content/v1/65979327ceca8e3c423a32ea/1728520856762-A1WQ1AYTBNX95GIKUIYU/IMG_6869.jpeg,/art,art,painting-or-illustration-or-mural,/art:29,IMG_6869.jpeg,3024x4032,Las Vegas Japanese fine artist professional muralist tattoo artist,,unique/no-known-duplicate,,,art-029-img-6869.jpeg,confirmation-required,publicly-fetchable-copy-to-controlled-host,Legacy alt is the generic repeated art/muralist label. Subcategory is left unsplit because the page does not distinguish painting from mural.
ART-030,https://images.squarespace-cdn.com/content/v1/65979327ceca8e3c423a32ea/1728520863316-QEBW9IW2M1DZ48ZMLFM2/IMG_6563.jpeg,/art,art,painting-or-illustration-or-mural,/art:30,IMG_6563.jpeg,3024x4032,Las Vegas Japanese fine artist professional muralist tattoo artist,CROSS-F19-A07-A30,alternate-view; confidence=high; visual-only; cross-category,,,art-030-img-6563.jpeg,confirmation-required,publicly-fetchable-copy-to-controlled-host,Legacy alt is the generic repeated art/muralist label. Subcategory is left unsplit because the page does not distinguish painting from mural. Work group CROSS-F19-A07-A30: Flash F19 and art A07/A30 depict the same artwork across categories. A07-A30 also reviewed as the same work.
ART-031,https://images.squarespace-cdn.com/content/v1/65979327ceca8e3c423a32ea/1728520863318-BCJL04V3WQD4JXA1BXVV/IMG_5604.jpeg,/art,art,painting-or-illustration-or-mural,/art:31,IMG_5604.jpeg,3024x4032,Las Vegas Japanese fine artist professional muralist tattoo artist,,unique/no-known-duplicate,,,art-031-img-5604.jpeg,confirmation-required,publicly-fetchable-copy-to-controlled-host,Legacy alt is the generic repeated art/muralist label. Subcategory is left unsplit because the page does not distinguish painting from mural.
ART-032,https://images.squarespace-cdn.com/content/v1/65979327ceca8e3c423a32ea/1728520867887-W19Q9XUDK2WJHJLHBA38/IMG_5084.jpeg,/art,art,painting-or-illustration-or-mural,/art:32,IMG_5084.jpeg,3024x4032,Las Vegas Japanese fine artist professional muralist tattoo artist,,unique/no-known-duplicate,,,art-032-img-5084.jpeg,confirmation-required,publicly-fetchable-copy-to-controlled-host,Legacy alt is the generic repeated art/muralist label. Subcategory is left unsplit because the page does not distinguish painting from mural.
MER-PRT-001,https://images.squarespace-cdn.com/content/v1/65979327ceca8e3c423a32ea/0294baee-0057-4715-9401-f500183d234e/IMG_1672.jpeg,/store|/store/prints|/store/p/gwap-geisha-print,merch,print,/store:1|/store/prints:1|/store/p/gwap-geisha-print:1,IMG_1672.jpeg,4284x5712,Gwap Geisha Print,MER-GWAP-GEISHA-PRINT,canonical; confidence=high; same-product-page,,,mer-prt-001-gwap-geisha-print-01.jpeg,confirmation-required,publicly-fetchable-copy-to-controlled-host,Work group MER-GWAP-GEISHA-PRINT: Three product images of Gwap Geisha Print. Not a visual identity claim beyond the shared PDP.
MER-PRT-002,https://images.squarespace-cdn.com/content/v1/65979327ceca8e3c423a32ea/0f1cbe41-8f93-4dcf-9700-9bbf35fbe0e2/IMG_1674.jpeg,/store|/store/prints|/store/p/gwap-geisha-print,merch,print,/store:2|/store/prints:2|/store/p/gwap-geisha-print:2,IMG_1674.jpeg,4284x5712,Hand made Japanese style art made in the US by independent freelance artist. These are hand printed on durable 18×15 cotton posters. The cotton poster gives each print a unique texture that adds to the allure of each piece.,MER-GWAP-GEISHA-PRINT,alternate-view; confidence=high; same-product-page,,,mer-prt-002-gwap-geisha-print-02.jpeg,confirmation-required,publicly-fetchable-copy-to-controlled-host,Work group MER-GWAP-GEISHA-PRINT: Three product images of Gwap Geisha Print. Not a visual identity claim beyond the shared PDP.
MER-PRT-003,https://images.squarespace-cdn.com/content/v1/65979327ceca8e3c423a32ea/de864387-b4d6-4700-bdcb-77864e85b76f/IMG_1673.jpeg,/store|/store/prints|/store/p/gwap-geisha-print,merch,print,/store:3|/store/prints:3|/store/p/gwap-geisha-print:3,IMG_1673.jpeg,4284x5712,Hand made Japanese style art made in the US by independent freelance artist. These are hand printed on durable 18×15 cotton posters. The cotton poster gives each print a unique texture that adds to the allure of each piece.,MER-GWAP-GEISHA-PRINT,alternate-view; confidence=high; same-product-page,,,mer-prt-003-gwap-geisha-print-03.jpeg,confirmation-required,publicly-fetchable-copy-to-controlled-host,Work group MER-GWAP-GEISHA-PRINT: Three product images of Gwap Geisha Print. Not a visual identity claim beyond the shared PDP.
MER-SHT-001,https://images.squarespace-cdn.com/content/v1/65979327ceca8e3c423a32ea/1712778705462-C8O0IPQ4TFI50HFFVCRE/IMG_7101.jpg,/store|/store/shirts|/store/p/ko-omote-t-shirt,merch,shirt,/store:4|/store/shirts:1|/store/p/ko-omote-t-shirt:1,IMG_7101.jpg,2142x2856,"Hand made t-shirt, original artwork. 100% cotton blank. Hand woven label. Please allow one week for shipping.",MER-KO-OMOTE-SHIRT,canonical; confidence=high; same-product-page,,,mer-sht-001-ko-omote-t-shirt-01.jpg,confirmation-required,publicly-fetchable-copy-to-controlled-host,Work group MER-KO-OMOTE-SHIRT: Three product images of Ko Omote T-Shirt. Not a visual identity claim beyond the shared PDP.
MER-SHT-002,https://images.squarespace-cdn.com/content/v1/65979327ceca8e3c423a32ea/1712778702260-T9I18Y0R518YLFP1UM2T/IMG_7103.jpg,/store|/store/shirts|/store/p/ko-omote-t-shirt,merch,shirt,/store:5|/store/shirts:2|/store/p/ko-omote-t-shirt:2,IMG_7103.jpg,1512x2016,"Hand made t-shirt, original artwork. 100% cotton blank. Hand woven label. Please allow one week for shipping.",MER-KO-OMOTE-SHIRT,alternate-view; confidence=high; same-product-page,,,mer-sht-002-ko-omote-t-shirt-02.jpg,confirmation-required,publicly-fetchable-copy-to-controlled-host,Work group MER-KO-OMOTE-SHIRT: Three product images of Ko Omote T-Shirt. Not a visual identity claim beyond the shared PDP.
MER-SHT-003,https://images.squarespace-cdn.com/content/v1/65979327ceca8e3c423a32ea/1712778705305-84U8R2DII0HJD99WQ12R/IMG_7107.jpg,/store|/store/shirts|/store/p/ko-omote-t-shirt,merch,shirt,/store:6|/store/shirts:3|/store/p/ko-omote-t-shirt:3,IMG_7107.jpg,2142x2856,"Hand made t-shirt, original artwork. 100% cotton blank. Hand woven label. Please allow one week for shipping.",MER-KO-OMOTE-SHIRT,alternate-view; confidence=high; same-product-page,,,mer-sht-003-ko-omote-t-shirt-03.jpg,confirmation-required,publicly-fetchable-copy-to-controlled-host,Work group MER-KO-OMOTE-SHIRT: Three product images of Ko Omote T-Shirt. Not a visual identity claim beyond the shared PDP.
